employee_id,gratuity_member_flag,gratuity_plan_id,superannuation_member_flag,superannuation_plan_id,superannuation_scheme_type,dc_current_corpus,pf_member_flag,edli_eligible_flag,pf_current_balance,average_progressive_balance,gti_member_flag,gti_plan_id,gti_cover_basis,gti_sum_assured,gratuity_member_missing_plan_flag,gratuity_nonmember_has_plan_flag,invalid_gratuity_plan_flag,super_member_missing_plan_flag,super_member_missing_scheme_type_flag,super_nonmember_has_plan_flag,super_nonmember_has_scheme_type_flag,invalid_super_plan_flag,dc_member_missing_corpus_flag,db_member_has_dc_corpus_flag,pf_no_edli_yes_flag,pf_member_missing_balance_flag,edli_eligible_missing_apb_flag,gti_member_missing_plan_flag,gti_member_missing_cover_basis_flag,gti_member_missing_sum_assured_flag,gti_member_nonpositive_sum_assured_flag,gti_nonmember_has_plan_flag,gti_nonmember_has_sum_assured_flag,invalid_gti_plan_flag
E00015,Yes,,Yes,SUP_DC_01,DC,288000.0,Yes,Yes,105000.0,91000.0,Yes,GTI_GRADE_03,Grade Based,5000000.0,True,False,False,False,False,False,False,False,False,False,False,False,False,False,False,False,False,False,False,False
E00072,Yes,,No,,,,Yes,Yes,177000.0,156000.0,Yes,GTI_GRADE_03,Grade Based,2500000.0,True,False,False,False,False,False,False,False,False,False,False,False,False,False,False,False,False,False,False,False
E00121,Yes,,Yes,SUP_DC_01,DC,565000.0,No,No,,,Yes,GTI_SAL_02,Salary Multiple,3650000.0,True,False,False,False,False,False,False,False,False,False,False,False,False,False,False,False,False,False,False,False
E00160,Yes,,Yes,SUP_DC_01,DC,1872000.0,Yes,No,474000.0,423000.0,Yes,GTI_SAL_02,Salary Multiple,5570000.0,True,False,False,False,False,False,False,False,False,False,False,False,False,False,False,False,False,False,False,False
E00185,Yes,,Yes,SUP_DC_01,DC,1103000.0,Yes,Yes,296000.0,256000.0,Yes,GTI_SAL_02,Salary Multiple,5450000.0,True,False,False,False,False,False,False,False,False,False,False,False,False,False,False,False,False,False,False,False
E00243,Yes,GRAT_STD_01,Yes,,DC,79000.0,Yes,No,88000.0,82000.0,Yes,GTI_SAL_02,Salary Multiple,2920000.0,False,False,False,True,False,False,False,False,False,False,False,False,False,False,False,False,False,False,False,False
E00293,Yes,GRAT_STD_01,Yes,,DC,270000.0,Yes,No,490000.0,428000.0,Yes,GTI_SAL_02,Salary Multiple,1500000.0,False,False,False,True,False,False,False,False,False,False,False,False,False,False,False,False,False,False,False,False
E00317,Yes,,Yes,SUP_DC_01,DC,51000.0,No,No,,,Yes,GTI_FLAT_01,Flat,2000000.0,True,False,False,False,False,False,False,False,False,False,False,False,False,False,False,False,False,False,False,False
E00476,Yes,,Yes,SUP_DC_01,DC,1118000.0,Yes,Yes,479000.0,407000.0,Yes,GTI_SAL_02,Salary Multiple,2840000.0,True,False,False,False,False,False,False,False,False,False,False,False,False,False,False,False,False,False,False,False
E00525,Yes,GRAT_STD_01,Yes,SUP_DC_01,DC,390000.0,Yes,Yes,224000.0,196000.0,Yes,,Salary Multiple,3810000.0,False,False,False,False,False,False,False,False,False,False,False,False,False,True,False,False,False,False,False,False
E00649,Yes,GRAT_STD_01,Yes,,DC,3713000.0,Yes,Yes,942000.0,911000.0,No,,,,False,False,False,True,False,False,False,False,False,False,False,False,False,False,False,False,False,False,False,False
E00700,Yes,GRAT_STD_01,Yes,,DC,2626000.0,Yes,Yes,680000.0,590000.0,No,,,,False,False,False,True,False,False,False,False,False,False,False,False,False,False,False,False,False,False,False,False
E00732,Yes,GRAT_ENH_02,Yes,SUP_DC_02,DC,120000.0,Yes,Yes,114000.0,102000.0,Yes,,Flat,2000000.0,False,False,False,False,False,False,False,False,False,False,False,False,False,True,False,False,False,False,False,False
E00861,No,,Yes,SUP_DC_02,DC,1025000.0,Yes,Yes,506000.0,469000.0,Yes,,Salary Multiple,1840000.0,False,False,False,False,False,False,False,False,False,False,False,False,False,True,False,False,False,False,False,False
E00949,Yes,GRAT_STD_01,No,,,,No,Yes,,,Yes,GTI_SAL_02,Salary Multiple,1880000.0,False,False,False,False,False,False,False,False,False,False,True,False,True,False,False,False,False,False,False,False
E01080,Yes,,No,,,,No,No,,,Yes,GTI_SAL_02,Salary Multiple,2160000.0,True,False,False,False,False,False,False,False,False,False,False,False,False,False,False,False,False,False,False,False
E01137,Yes,,No,,,,Yes,Yes,259000.0,247000.0,Yes,GTI_SAL_02,Salary Multiple,2910000.0,True,False,False,False,False,False,False,False,False,False,False,False,False,False,False,False,False,False,False,False
E01150,Yes,GRAT_STD_01,Yes,SUP_DC_01,DC,176000.0,Yes,Yes,229000.0,214000.0,Yes,,Salary Multiple,1500000.0,False,False,False,False,False,False,False,False,False,False,False,False,False,True,False,False,False,False,False,False
E01163,Yes,,No,,,,Yes,Yes,257000.0,229000.0,Yes,GTI_FLAT_01,Flat,2000000.0,True,False,False,False,False,False,False,False,False,False,False,False,False,False,False,False,False,False,False,False
E01210,Yes,,Yes,PEN_DB_02,DB,,Yes,Yes,1265000.0,1157000.0,Yes,GTI_FLAT_01,Flat,2000000.0,True,False,False,False,False,False,False,False,False,False,False,False,False,False,False,False,False,False,False,False
E01238,Yes,GRAT_ENH_02,No,,,,Yes,Yes,230000.0,215000.0,Yes,,Salary Multiple,5310000.0,False,False,False,False,False,False,False,False,False,False,False,False,False,True,False,False,False,False,False,False
E01240,Yes,,No,,,,Yes,Yes,772000.0,680000.0,Yes,GTI_SAL_02,Salary Multiple,3880000.0,True,False,False,False,False,False,False,False,False,False,False,False,False,False,False,False,False,False,False,False
E01264,Yes,GRAT_STD_01,Yes,SUP_DC_01,DC,338000.0,Yes,Yes,100000.0,96000.0,Yes,,Flat,2000000.0,False,False,False,False,False,False,False,False,False,False,False,False,False,True,False,False,False,False,False,False
E01267,Yes,GRAT_STD_01,Yes,,DC,206000.0,Yes,Yes,162000.0,155000.0,Yes,GTI_SAL_02,Salary Multiple,1880000.0,False,False,False,True,False,False,False,False,False,False,False,False,False,False,False,False,False,False,False,False
E01308,Yes,,Yes,SUP_DC_01,DC,238000.0,Yes,Yes,186000.0,172000.0,Yes,GTI_SAL_02,Salary Multiple,2750000.0,True,False,False,False,False,False,False,False,False,False,False,False,False,False,False,False,False,False,False,False
E01340,Yes,GRAT_STD_01,Yes,SUP_DC_01,DC,243000.0,Yes,Yes,274000.0,235000.0,Yes,,Grade Based,2500000.0,False,False,False,False,False,False,False,False,False,False,False,False,False,True,False,False,False,False,False,False
E01350,Yes,GRAT_STD_01,Yes,,DC,93000.0,Yes,Yes,109000.0,102000.0,Yes,GTI_SAL_02,Salary Multiple,2470000.0,False,False,False,True,False,False,False,False,False,False,False,False,False,False,False,False,False,False,False,False
E01438,Yes,GRAT_EXEC_03,Yes,PEN_DB_01,DB,,Yes,Yes,362000.0,303000.0,Yes,,Salary Multiple,8660000.0,False,False,False,False,False,False,False,False,False,False,False,False,False,True,False,False,False,False,False,False
E01504,Yes,GRAT_STD_01,Yes,,DC,501000.0,Yes,No,336000.0,308000.0,Yes,GTI_SAL_02,Salary Multiple,2610000.0,False,False,False,True,False,False,False,False,False,False,False,False,False,False,False,False,False,False,False,False
E01528,Yes,,No,,,,Yes,Yes,589000.0,499000.0,Yes,GTI_SAL_02,Salary Multiple,1760000.0,True,False,False,False,False,False,False,False,False,False,False,False,False,False,False,False,False,False,False,False
E01606,Yes,GRAT_ENH_02,Yes,,DC,1088000.0,Yes,Yes,566000.0,490000.0,Yes,GTI_FLAT_01,Flat,2000000.0,False,False,False,True,False,False,False,False,False,False,False,False,False,False,False,False,False,False,False,False
E01617,Yes,,Yes,SUP_DC_01,DC,117000.0,Yes,Yes,129000.0,122000.0,No,,,,True,False,False,False,False,False,False,False,False,False,False,False,False,False,False,False,False,False,False,False
E01734,Yes,GRAT_STD_01,Yes,SUP_DC_01,DC,48000.0,No,Yes,,,Yes,GTI_SAL_02,Salary Multiple,1750000.0,False,False,False,False,False,False,False,False,False,False,True,False,True,False,False,False,False,False,False,False
E01820,Yes,GRAT_STD_01,Yes,SUP_DC_02,DC,708000.0,Yes,Yes,245000.0,220000.0,Yes,,Flat,2000000.0,False,False,False,False,False,False,False,False,False,False,False,False,False,True,False,False,False,False,False,False
E01924,Yes,GRAT_STD_01,No,,,,Yes,Yes,734000.0,630000.0,Yes,,Salary Multiple,2060000.0,False,False,False,False,False,False,False,False,False,False,False,False,False,True,False,False,False,False,False,False
E01953,Yes,GRAT_STD_01,Yes,PEN_DB_01,DB,,Yes,Yes,1023000.0,989000.0,Yes,,Flat,2000000.0,False,False,False,False,False,False,False,False,False,False,False,False,False,True,False,False,False,False,False,False
E01988,Yes,,Yes,SUP_DC_01,DC,2763000.0,Yes,Yes,647000.0,620000.0,Yes,GTI_FLAT_01,Flat,2000000.0,True,False,False,False,False,False,False,False,False,False,False,False,False,False,False,False,False,False,False,False
E02005,Yes,,Yes,SUP_DC_02,DC,340000.0,Yes,Yes,126000.0,117000.0,No,,,,True,False,False,False,False,False,False,False,False,False,False,False,False,False,False,False,False,False,False,False
E02126,Yes,GRAT_STD_01,Yes,PEN_DB_02,DB,,Yes,No,370000.0,348000.0,Yes,,Salary Multiple,1500000.0,False,False,False,False,False,False,False,False,False,False,False,False,False,True,False,False,False,False,False,False
E02143,Yes,GRAT_STD_01,Yes,SUP_DC_02,DC,1064000.0,Yes,Yes,378000.0,359000.0,Yes,,Salary Multiple,3930000.0,False,False,False,False,False,False,False,False,False,False,False,False,False,True,False,False,False,False,False,False
E02212,Yes,GRAT_STD_01,Yes,SUP_DC_01,DC,12503000.0,Yes,Yes,878000.0,856000.0,Yes,,Grade Based,10000000.0,False,False,False,False,False,False,False,False,False,False,False,False,False,True,False,False,False,False,False,False
E02232,Yes,GRAT_STD_01,Yes,SUP_DC_01,DC,122000.0,Yes,Yes,174000.0,148000.0,Yes,,Flat,2000000.0,False,False,False,False,False,False,False,False,False,False,False,False,False,True,False,False,False,False,False,False
E02265,Yes,GRAT_STD_01,Yes,SUP_DC_01,DC,2496000.0,No,Yes,,,Yes,GTI_FLAT_01,Flat,2000000.0,False,False,False,False,False,False,False,False,False,False,True,False,True,False,False,False,False,False,False,False
E02314,Yes,GRAT_STD_01,Yes,SUP_DC_01,DC,326000.0,No,Yes,,,Yes,GTI_SAL_02,Salary Multiple,4220000.0,False,False,False,False,False,False,False,False,False,False,True,False,True,False,False,False,False,False,False,False
E02381,Yes,GRAT_ENH_02,No,,,,Yes,Yes,351000.0,293000.0,Yes,,Flat,2000000.0,False,False,False,False,False,False,False,False,False,False,False,False,False,True,False,False,False,False,False,False
E02506,Yes,GRAT_STD_01,Yes,SUP_DC_02,DC,675000.0,No,No,,,Yes,,Grade Based,3000000.0,False,False,False,False,False,False,False,False,False,False,False,False,False,True,False,False,False,False,False,False
E02599,Yes,GRAT_STD_01,Yes,,DC,366000.0,Yes,Yes,161000.0,154000.0,Yes,GTI_SAL_02,Salary Multiple,3550000.0,False,False,False,True,False,False,False,False,False,False,False,False,False,False,False,False,False,False,False,False
E02656,Yes,GRAT_STD_01,No,,,,Yes,Yes,257000.0,234000.0,Yes,,Salary Multiple,2470000.0,False,False,False,False,False,False,False,False,False,False,False,False,False,True,False,False,False,False,False,False
E02659,Yes,GRAT_STD_01,Yes,,DC,686000.0,Yes,Yes,264000.0,229000.0,Yes,GTI_SAL_02,Salary Multiple,4130000.0,False,False,False,True,False,False,False,False,False,False,False,False,False,False,False,False,False,False,False,False
E02736,Yes,GRAT_STD_01,Yes,,DC,627000.0,No,No,,,Yes,GTI_GRADE_03,Grade Based,5000000.0,False,False,False,True,False,False,False,False,False,False,False,False,False,False,False,False,False,False,False,False
E02748,Yes,,Yes,SUP_DC_01,DC,252000.0,Yes,Yes,282000.0,251000.0,Yes,GTI_FLAT_01,Flat,2000000.0,True,False,False,False,False,False,False,False,False,False,False,False,False,False,False,False,False,False,False,False
E02856,Yes,GRAT_STD_01,Yes,SUP_DC_01,DC,2445000.0,Yes,Yes,845000.0,776000.0,Yes,,Salary Multiple,3730000.0,False,False,False,False,False,False,False,False,False,False,False,False,False,True,False,False,False,False,False,False
E02910,Yes,GRAT_ENH_02,Yes,,DC,994000.0,Yes,Yes,581000.0,483000.0,Yes,GTI_SAL_02,Salary Multiple,2350000.0,False,False,False,True,False,False,False,False,False,False,False,False,False,False,False,False,False,False,False,False
E02922,Yes,,Yes,SUP_DC_01,DC,1367000.0,Yes,Yes,371000.0,312000.0,Yes,GTI_GRADE_03,Grade Based,4000000.0,True,False,False,False,False,False,False,False,False,False,False,False,False,False,False,False,False,False,False,False
E02980,Yes,,Yes,PEN_DB_02,DB,,Yes,No,1202000.0,1072000.0,Yes,GTI_SAL_02,Salary Multiple,2480000.0,True,False,False,False,False,False,False,False,False,False,False,False,False,False,False,False,False,False,False,False
E03009,Yes,GRAT_STD_01,No,,,,Yes,Yes,313000.0,287000.0,Yes,,Grade Based,2000000.0,False,False,False,False,False,False,False,False,False,False,False,False,False,True,False,False,False,False,False,False
E03275,Yes,GRAT_STD_01,Yes,SUP_DC_02,DC,1205000.0,Yes,Yes,371000.0,335000.0,Yes,,Grade Based,4000000.0,False,False,False,False,False,False,False,False,False,False,False,False,False,True,False,False,False,False,False,False
E03277,Yes,,No,,,,Yes,Yes,820000.0,801000.0,Yes,GTI_SAL_02,Salary Multiple,5620000.0,True,False,False,False,False,False,False,False,False,False,False,False,False,False,False,False,False,False,False,False
E03303,Yes,GRAT_STD_01,Yes,,DC,2399000.0,Yes,Yes,432000.0,404000.0,Yes,GTI_SAL_02,Salary Multiple,8060000.0,False,False,False,True,False,False,False,False,False,False,False,False,False,False,False,False,False,False,False,False
E03304,Yes,GRAT_STD_01,No,,,,No,Yes,,,Yes,GTI_FLAT_01,Flat,2000000.0,False,False,False,False,False,False,False,False,False,False,True,False,True,False,False,False,False,False,False,False
E03347,Yes,GRAT_ENH_02,Yes,,DC,102000.0,Yes,Yes,126000.0,111000.0,Yes,GTI_SAL_02,Salary Multiple,1500000.0,False,False,False,True,False,False,False,False,False,False,False,False,False,False,False,False,False,False,False,False
E03446,Yes,,Yes,SUP_DC_02,DC,3084000.0,Yes,Yes,1096000.0,1022000.0,Yes,GTI_FLAT_01,Flat,2000000.0,True,False,False,False,False,False,False,False,False,False,False,False,False,False,False,False,False,False,False,False
E03491,Yes,GRAT_STD_01,Yes,,DC,444000.0,Yes,Yes,202000.0,168000.0,No,,,,False,False,False,True,False,False,False,False,False,False,False,False,False,False,False,False,False,False,False,False
E03503,Yes,,No,,,,Yes,Yes,181000.0,169000.0,Yes,GTI_FLAT_01,Flat,2000000.0,True,False,False,False,False,False,False,False,False,False,False,False,False,False,False,False,False,False,False,False
E03522,Yes,,No,,,,Yes,Yes,155000.0,147000.0,Yes,GTI_FLAT_01,Flat,2000000.0,True,False,False,False,False,False,False,False,False,False,False,False,False,False,False,False,False,False,False,False
E03634,Yes,GRAT_STD_01,No,,,,Yes,Yes,813000.0,726000.0,Yes,,Salary Multiple,1800000.0,False,False,False,False,False,False,False,False,False,False,False,False,False,True,False,False,False,False,False,False
E03714,Yes,,Yes,SUP_DC_01,DC,1138000.0,Yes,Yes,493000.0,436000.0,Yes,GTI_SAL_02,Salary Multiple,2960000.0,True,False,False,False,False,False,False,False,False,False,False,False,False,False,False,False,False,False,False,False
E03736,Yes,GRAT_STD_01,Yes,SUP_DC_01,DC,3828000.0,Yes,Yes,603000.0,550000.0,Yes,,Salary Multiple,7290000.0,False,False,False,False,False,False,False,False,False,False,False,False,False,True,False,False,False,False,False,False
E03950,Yes,GRAT_STD_01,Yes,,DB,,Yes,Yes,130000.0,108000.0,Yes,GTI_GRADE_03,Grade Based,5000000.0,False,False,False,True,False,False,False,False,False,False,False,False,False,False,False,False,False,False,False,False
E03966,Yes,GRAT_STD_01,Yes,SUP_DC_01,DC,3538000.0,Yes,Yes,749000.0,707000.0,Yes,,Salary Multiple,5950000.0,False,False,False,False,False,False,False,False,False,False,False,False,False,True,False,False,False,False,False,False
E03968,No,,Yes,,DC,392000.0,Yes,Yes,254000.0,226000.0,Yes,GTI_SAL_02,Salary Multiple,2280000.0,False,False,False,True,False,False,False,False,False,False,False,False,False,False,False,False,False,False,False,False
E04091,Yes,GRAT_STD_01,Yes,SUP_DC_01,DC,719000.0,Yes,Yes,348000.0,302000.0,Yes,,Salary Multiple,2660000.0,False,False,False,False,False,False,False,False,False,False,False,False,False,True,False,False,False,False,False,False
E04157,Yes,GRAT_STD_01,No,,,,No,Yes,,,No,,,,False,False,False,False,False,False,False,False,False,False,True,False,True,False,False,False,False,False,False,False
E04213,Yes,,Yes,SUP_DC_02,DC,69000.0,Yes,Yes,134000.0,115000.0,Yes,GTI_GRADE_03,Grade Based,2000000.0,True,False,False,False,False,False,False,False,False,False,False,False,False,False,False,False,False,False,False,False
E04263,Yes,GRAT_STD_01,Yes,,DC,919000.0,Yes,Yes,464000.0,433000.0,Yes,GTI_SAL_02,Salary Multiple,2360000.0,False,False,False,True,False,False,False,False,False,False,False,False,False,False,False,False,False,False,False,False
E04406,Yes,GRAT_STD_01,No,,,,Yes,Yes,152000.0,145000.0,Yes,,Flat,2000000.0,False,False,False,False,False,False,False,False,False,False,False,False,False,True,False,False,False,False,False,False
E04422,Yes,,Yes,SUP_DC_01,DC,8020000.0,Yes,Yes,571000.0,516000.0,Yes,GTI_SAL_02,Salary Multiple,10000000.0,True,False,False,False,False,False,False,False,False,False,False,False,False,False,False,False,False,False,False,False
E04505,Yes,,Yes,SUP_DC_02,DC,1049000.0,Yes,Yes,179000.0,151000.0,Yes,GTI_SAL_02,Salary Multiple,6770000.0,True,False,False,False,False,False,False,False,False,False,False,False,False,False,False,False,False,False,False,False
E04531,Yes,GRAT_STD_01,Yes,,DC,895000.0,Yes,Yes,283000.0,266000.0,Yes,GTI_GRADE_03,Grade Based,4000000.0,False,False,False,True,False,False,False,False,False,False,False,False,False,False,False,False,False,False,False,False
E04622,Yes,,Yes,SUP_DC_01,DC,935000.0,Yes,Yes,537000.0,513000.0,Yes,GTI_FLAT_01,Flat,2000000.0,True,False,False,False,False,False,False,False,False,False,False,False,False,False,False,False,False,False,False,False
E04624,Yes,,Yes,SUP_DC_01,DC,3549000.0,Yes,Yes,1050000.0,1013000.0,Yes,GTI_FLAT_01,Flat,2000000.0,True,False,False,False,False,False,False,False,False,False,False,False,False,False,False,False,False,False,False,False
E04634,Yes,GRAT_STD_01,Yes,,DC,732000.0,Yes,Yes,631000.0,574000.0,Yes,GTI_SAL_02,Salary Multiple,1500000.0,False,False,False,True,False,False,False,False,False,False,False,False,False,False,False,False,False,False,False,False
E04708,Yes,,Yes,SUP_DC_01,DC,1330000.0,Yes,Yes,288000.0,281000.0,Yes,GTI_FLAT_01,Flat,2000000.0,True,False,False,False,False,False,False,False,False,False,False,False,False,False,False,False,False,False,False,False
E04774,Yes,GRAT_STD_01,Yes,,DC,224000.0,Yes,Yes,197000.0,184000.0,Yes,GTI_SAL_02,Salary Multiple,2560000.0,False,False,False,True,False,False,False,False,False,False,False,False,False,False,False,False,False,False,False,False
E04805,Yes,,Yes,SUP_DC_02,DC,1157000.0,Yes,Yes,380000.0,353000.0,Yes,GTI_FLAT_01,Flat,2000000.0,True,False,False,False,False,False,False,False,False,False,False,False,False,False,False,False,False,False,False,False
E04827,Yes,,No,,,,Yes,Yes,276000.0,230000.0,Yes,GTI_FLAT_01,Flat,2000000.0,True,False,False,False,False,False,False,False,False,False,False,False,False,False,False,False,False,False,False,False
E04875,Yes,GRAT_STD_01,Yes,,DC,1107000.0,Yes,Yes,581000.0,485000.0,Yes,GTI_SAL_02,Salary Multiple,2730000.0,False,False,False,True,False,False,False,False,False,False,False,False,False,False,False,False,False,False,False,False
E04952,Yes,GRAT_STD_01,Yes,,DC,600000.0,Yes,Yes,409000.0,399000.0,Yes,GTI_FLAT_01,Flat,2000000.0,False,False,False,True,False,False,False,False,False,False,False,False,False,False,False,False,False,False,False,False
E05198,Yes,GRAT_STD_01,No,,,,No,Yes,,,No,,,,False,False,False,False,False,False,False,False,False,False,True,False,True,False,False,False,False,False,False,False
E05237,Yes,GRAT_STD_01,Yes,,DC,690000.0,Yes,Yes,240000.0,217000.0,Yes,GTI_SAL_02,Salary Multiple,4140000.0,False,False,False,True,False,False,False,False,False,False,False,False,False,False,False,False,False,False,False,False
E05258,Yes,,Yes,SUP_DC_01,DC,455000.0,Yes,No,162000.0,150000.0,Yes,GTI_SAL_02,Salary Multiple,5810000.0,True,False,False,False,False,False,False,False,False,False,False,False,False,False,False,False,False,False,False,False
E05300,Yes,GRAT_STD_01,Yes,,DC,5807000.0,Yes,Yes,842000.0,825000.0,Yes,GTI_GRADE_03,Grade Based,5000000.0,False,False,False,True,False,False,False,False,False,False,False,False,False,False,False,False,False,False,False,False
E05308,Yes,,Yes,PEN_DB_02,DB,,Yes,Yes,308000.0,261000.0,No,,,,True,False,False,False,False,False,False,False,False,False,False,False,False,False,False,False,False,False,False,False
E05499,Yes,,Yes,SUP_DC_01,DC,950000.0,Yes,Yes,324000.0,271000.0,Yes,GTI_SAL_02,Salary Multiple,4020000.0,True,False,False,False,False,False,False,False,False,False,False,False,False,False,False,False,False,False,False,False
E05554,Yes,GRAT_EXEC_03,Yes,PEN_DB_01,DB,,No,Yes,,,Yes,GTI_SAL_02,Salary Multiple,1930000.0,False,False,False,False,False,False,False,False,False,False,True,False,True,False,False,False,False,False,False,False
E05585,Yes,GRAT_STD_01,Yes,,DB,,Yes,Yes,774000.0,672000.0,Yes,GTI_GRADE_03,Grade Based,3000000.0,False,False,False,True,False,False,False,False,False,False,False,False,False,False,False,False,False,False,False,False
E05657,Yes,GRAT_STD_01,Yes,,DB,,Yes,Yes,258000.0,251000.0,Yes,GTI_SAL_02,Salary Multiple,10000000.0,False,False,False,True,False,False,False,False,False,False,False,False,False,False,False,False,False,False,False,False
E05803,Yes,GRAT_STD_01,No,,,,Yes,No,406000.0,352000.0,Yes,,Grade Based,4000000.0,False,False,False,False,False,False,False,False,False,False,False,False,False,True,False,False,False,False,False,False
E05836,Yes,,Yes,SUP_DC_01,DC,444000.0,Yes,Yes,377000.0,351000.0,Yes,GTI_SAL_02,Salary Multiple,2000000.0,True,False,False,False,False,False,False,False,False,False,False,False,False,False,False,False,False,False,False,False
E05972,Yes,GRAT_STD_01,Yes,SUP_DC_01,DC,1002000.0,Yes,Yes,237000.0,223000.0,Yes,,Salary Multiple,7300000.0,False,False,False,False,False,False,False,False,False,False,False,False,False,True,False,False,False,False,False,False
E06061,Yes,GRAT_STD_01,No,,,,No,No,,,Yes,,Salary Multiple,5240000.0,False,False,False,False,False,False,False,False,False,False,False,False,False,True,False,False,False,False,False,False
E06084,Yes,GRAT_STD_01,Yes,PEN_DB_01,DB,,Yes,No,288000.0,261000.0,Yes,,Flat,2000000.0,False,False,False,False,False,False,False,False,False,False,False,False,False,True,False,False,False,False,False,False
E06085,Yes,GRAT_STD_01,Yes,,DC,986000.0,Yes,Yes,297000.0,272000.0,Yes,GTI_SAL_02,Salary Multiple,4720000.0,False,False,False,True,False,False,False,False,False,False,False,False,False,False,False,False,False,False,False,False
E06128,Yes,GRAT_STD_01,No,,,,Yes,Yes,257000.0,219000.0,Yes,,Flat,2000000.0,False,False,False,False,False,False,False,False,False,False,False,False,False,True,False,False,False,False,False,False
E06175,Yes,GRAT_STD_01,Yes,PEN_DB_01,DB,,Yes,Yes,635000.0,612000.0,Yes,,Salary Multiple,3170000.0,False,False,False,False,False,False,False,False,False,False,False,False,False,True,False,False,False,False,False,False
E06202,Yes,GRAT_STD_01,Yes,,DB,,Yes,No,362000.0,344000.0,Yes,GTI_FLAT_01,Flat,2000000.0,False,False,False,True,False,False,False,False,False,False,False,False,False,False,False,False,False,False,False,False
E06204,Yes,,Yes,SUP_DC_01,DC,1610000.0,Yes,Yes,548000.0,506000.0,Yes,GTI_GRADE_03,Grade Based,4000000.0,True,False,False,False,False,False,False,False,False,False,False,False,False,False,False,False,False,False,False,False
E06233,Yes,,No,,,,Yes,Yes,288000.0,276000.0,No,,,,True,False,False,False,False,False,False,False,False,False,False,False,False,False,False,False,False,False,False,False
E06350,Yes,,Yes,PEN_DB_01,DB,,Yes,Yes,270000.0,236000.0,Yes,GTI_SAL_02,Salary Multiple,10000000.0,True,False,False,False,False,False,False,False,False,False,False,False,False,False,False,False,False,False,False,False
E06365,Yes,GRAT_STD_01,Yes,,DB,,Yes,Yes,297000.0,262000.0,No,,,,False,False,False,True,False,False,False,False,False,False,False,False,False,False,False,False,False,False,False,False
E06370,Yes,GRAT_STD_01,No,,,,Yes,Yes,576000.0,550000.0,Yes,,Grade Based,3000000.0,False,False,False,False,False,False,False,False,False,False,False,False,False,True,False,False,False,False,False,False
E06421,Yes,GRAT_STD_01,No,,,,Yes,Yes,417000.0,357000.0,Yes,,Salary Multiple,2200000.0,False,False,False,False,False,False,False,False,False,False,False,False,False,True,False,False,False,False,False,False
E06435,Yes,GRAT_STD_01,Yes,,DC,1334000.0,Yes,Yes,522000.0,493000.0,Yes,GTI_FLAT_01,Flat,2000000.0,False,False,False,True,False,False,False,False,False,False,False,False,False,False,False,False,False,False,False,False
E06495,Yes,GRAT_ENH_02,No,,,,Yes,No,382000.0,356000.0,Yes,,Salary Multiple,3430000.0,False,False,False,False,False,False,False,False,False,False,False,False,False,True,False,False,False,False,False,False
E06496,Yes,GRAT_STD_01,Yes,,DC,329000.0,Yes,Yes,302000.0,282000.0,Yes,GTI_FLAT_01,Flat,2000000.0,False,False,False,True,False,False,False,False,False,False,False,False,False,False,False,False,False,False,False,False
E06690,Yes,GRAT_STD_01,Yes,SUP_DC_02,DC,509000.0,Yes,Yes,303000.0,271000.0,Yes,,Flat,2000000.0,False,False,False,False,False,False,False,False,False,False,False,False,False,True,False,False,False,False,False,False
E06814,Yes,GRAT_STD_01,Yes,SUP_DC_02,DC,2679000.0,Yes,Yes,639000.0,531000.0,Yes,,Salary Multiple,5650000.0,False,False,False,False,False,False,False,False,False,False,False,False,False,True,False,False,False,False,False,False
E06860,Yes,,No,,,,Yes,Yes,341000.0,311000.0,Yes,GTI_GRADE_03,Grade Based,2000000.0,True,False,False,False,False,False,False,False,False,False,False,False,False,False,False,False,False,False,False,False
E06885,Yes,GRAT_STD_01,Yes,SUP_DC_02,DC,653000.0,Yes,Yes,251000.0,227000.0,Yes,,Salary Multiple,2560000.0,False,False,False,False,False,False,False,False,False,False,False,False,False,True,False,False,False,False,False,False
E06984,Yes,GRAT_STD_01,Yes,,DC,68000.0,Yes,Yes,49000.0,42000.0,Yes,GTI_SAL_02,Salary Multiple,2840000.0,False,False,False,True,False,False,False,False,False,False,False,False,False,False,False,False,False,False,False,False
E07058,Yes,GRAT_STD_01,Yes,,DC,1210000.0,Yes,Yes,263000.0,249000.0,Yes,GTI_FLAT_01,Flat,2000000.0,False,False,False,True,False,False,False,False,False,False,False,False,False,False,False,False,False,False,False,False
E07129,Yes,,Yes,SUP_DC_01,DC,358000.0,Yes,Yes,431000.0,363000.0,Yes,GTI_SAL_02,Salary Multiple,1500000.0,True,False,False,False,False,False,False,False,False,False,False,False,False,False,False,False,False,False,False,False
E07162,Yes,GRAT_STD_01,Yes,PEN_DB_01,DB,,Yes,Yes,238000.0,230000.0,Yes,,Flat,2000000.0,False,False,False,False,False,False,False,False,False,False,False,False,False,True,False,False,False,False,False,False
E07206,Yes,GRAT_ENH_02,Yes,,DC,3714000.0,Yes,Yes,869000.0,762000.0,Yes,GTI_FLAT_01,Flat,2000000.0,False,False,False,True,False,False,False,False,False,False,False,False,False,False,False,False,False,False,False,False
E07339,Yes,,Yes,SUP_DC_01,DC,490000.0,Yes,Yes,381000.0,344000.0,Yes,GTI_GRADE_03,Grade Based,2500000.0,True,False,False,False,False,False,False,False,False,False,False,False,False,False,False,False,False,False,False,False
E07360,Yes,,No,,,,Yes,Yes,405000.0,346000.0,Yes,GTI_FLAT_01,Flat,2000000.0,True,False,False,False,False,False,False,False,False,False,False,False,False,False,False,False,False,False,False,False
E07375,Yes,GRAT_STD_01,No,,,,Yes,Yes,839000.0,713000.0,Yes,,Grade Based,4000000.0,False,False,False,False,False,False,False,False,False,False,False,False,False,True,False,False,False,False,False,False
E07405,Yes,GRAT_STD_01,Yes,SUP_DC_01,DC,115000.0,No,Yes,,,Yes,GTI_GRADE_03,Grade Based,4000000.0,False,False,False,False,False,False,False,False,False,False,True,False,True,False,False,False,False,False,False,False
E07423,Yes,GRAT_STD_01,Yes,,DC,765000.0,Yes,Yes,336000.0,300000.0,No,,,,False,False,False,True,False,False,False,False,False,False,False,False,False,False,False,False,False,False,False,False
E07427,Yes,GRAT_ENH_02,Yes,PEN_DB_01,DB,,No,Yes,,,Yes,GTI_SAL_02,Salary Multiple,10000000.0,False,False,False,False,False,False,False,False,False,False,True,False,True,False,False,False,False,False,False,False
E07511,Yes,,Yes,SUP_DC_01,DC,563000.0,Yes,Yes,456000.0,447000.0,Yes,GTI_SAL_02,Salary Multiple,1810000.0,True,False,False,False,False,False,False,False,False,False,False,False,False,False,False,False,False,False,False,False
E07572,Yes,GRAT_EXEC_03,No,,,,Yes,Yes,734000.0,664000.0,Yes,,Grade Based,7500000.0,False,False,False,False,False,False,False,False,False,False,False,False,False,True,False,False,False,False,False,False
E07631,Yes,,No,,,,Yes,Yes,388000.0,355000.0,Yes,GTI_GRADE_03,Grade Based,2000000.0,True,False,False,False,False,False,False,False,False,False,False,False,False,False,False,False,False,False,False,False
E07666,Yes,GRAT_STD_01,Yes,SUP_DC_01,DC,523000.0,Yes,Yes,313000.0,299000.0,Yes,,Flat,2000000.0,False,False,False,False,False,False,False,False,False,False,False,False,False,True,False,False,False,False,False,False
E07678,Yes,,Yes,PEN_DB_02,DB,,Yes,No,217000.0,201000.0,No,,,,True,False,False,False,False,False,False,False,False,False,False,False,False,False,False,False,False,False,False,False
E07712,Yes,,No,,,,Yes,Yes,253000.0,245000.0,Yes,GTI_FLAT_01,Flat,2000000.0,True,False,False,False,False,False,False,False,False,False,False,False,False,False,False,False,False,False,False,False
E07727,Yes,GRAT_STD_01,Yes,PEN_DB_01,DB,,No,No,,,Yes,,Flat,2000000.0,False,False,False,False,False,False,False,False,False,False,False,False,False,True,False,False,False,False,False,False
E07859,Yes,,No,,,,Yes,Yes,275000.0,258000.0,Yes,GTI_SAL_02,Salary Multiple,10000000.0,True,False,False,False,False,False,False,False,False,False,False,False,False,False,False,False,False,False,False,False
E07904,Yes,GRAT_STD_01,No,,,,No,No,,,Yes,,Salary Multiple,1640000.0,False,False,False,False,False,False,False,False,False,False,False,False,False,True,False,False,False,False,False,False
E07963,Yes,,Yes,SUP_DC_01,DC,686000.0,Yes,Yes,352000.0,317000.0,Yes,GTI_SAL_02,Salary Multiple,3320000.0,True,False,False,False,False,False,False,False,False,False,False,False,False,False,False,False,False,False,False,False
E07970,Yes,,No,,,,Yes,Yes,673000.0,568000.0,Yes,GTI_SAL_02,Salary Multiple,2040000.0,True,False,False,False,False,False,False,False,False,False,False,False,False,False,False,False,False,False,False,False
E08133,Yes,GRAT_STD_01,Yes,SUP_DC_02,DC,640000.0,Yes,Yes,207000.0,182000.0,Yes,,Flat,2000000.0,False,False,False,False,False,False,False,False,False,False,False,False,False,True,False,False,False,False,False,False
E08185,Yes,,Yes,SUP_DC_02,DC,1902000.0,Yes,Yes,441000.0,391000.0,Yes,GTI_SAL_02,Salary Multiple,4070000.0,True,False,False,False,False,False,False,False,False,False,False,False,False,False,False,False,False,False,False,False
E08279,Yes,GRAT_STD_01,No,,,,No,Yes,,,Yes,GTI_SAL_02,Salary Multiple,3520000.0,False,False,False,False,False,False,False,False,False,False,True,False,True,False,False,False,False,False,False,False
E08563,Yes,GRAT_STD_01,Yes,SUP_DC_01,DC,720000.0,Yes,Yes,424000.0,407000.0,Yes,,Salary Multiple,2220000.0,False,False,False,False,False,False,False,False,False,False,False,False,False,True,False,False,False,False,False,False
E08568,Yes,,Yes,SUP_DC_02,DC,330000.0,Yes,Yes,197000.0,183000.0,Yes,GTI_GRADE_03,Grade Based,4000000.0,True,False,False,False,False,False,False,False,False,False,False,False,False,False,False,False,False,False,False,False
E08665,Yes,GRAT_EXEC_03,Yes,PEN_DB_02,DB,,Yes,Yes,284000.0,262000.0,Yes,,Salary Multiple,10000000.0,False,False,False,False,False,False,False,False,False,False,False,False,False,True,False,False,False,False,False,False
E08688,Yes,GRAT_ENH_02,Yes,SUP_DC_02,DC,808000.0,No,Yes,,,Yes,GTI_SAL_02,Salary Multiple,2050000.0,False,False,False,False,False,False,False,False,False,False,True,False,True,False,False,False,False,False,False,False
E08728,Yes,GRAT_STD_01,Yes,SUP_DC_01,DC,648000.0,Yes,Yes,375000.0,366000.0,Yes,,Salary Multiple,2120000.0,False,False,False,False,False,False,False,False,False,False,False,False,False,True,False,False,False,False,False,False
E08786,Yes,,Yes,SUP_DC_01,DC,691000.0,Yes,No,293000.0,272000.0,Yes,GTI_SAL_02,Salary Multiple,3640000.0,True,False,False,False,False,False,False,False,False,False,False,False,False,False,False,False,False,False,False,False
E08822,Yes,GRAT_STD_01,Yes,,DC,2152000.0,Yes,Yes,949000.0,923000.0,Yes,GTI_GRADE_03,Grade Based,2500000.0,False,False,False,True,False,False,False,False,False,False,False,False,False,False,False,False,False,False,False,False
E08879,Yes,,No,,,,Yes,Yes,450000.0,418000.0,No,,,,True,False,False,False,False,False,False,False,False,False,False,False,False,False,False,False,False,False,False,False
E08882,Yes,GRAT_STD_01,Yes,,DC,4736000.0,Yes,No,855000.0,711000.0,Yes,GTI_SAL_02,Salary Multiple,8420000.0,False,False,False,True,False,False,False,False,False,False,False,False,False,False,False,False,False,False,False,False
E08944,Yes,GRAT_STD_01,Yes,,DC,986000.0,Yes,Yes,359000.0,315000.0,Yes,GTI_FLAT_01,Flat,2000000.0,False,False,False,True,False,False,False,False,False,False,False,False,False,False,False,False,False,False,False,False
E08987,Yes,GRAT_STD_01,Yes,PEN_DB_01,DB,,Yes,No,795000.0,712000.0,Yes,,Salary Multiple,4660000.0,False,False,False,False,False,False,False,False,False,False,False,False,False,True,False,False,False,False,False,False
E09012,Yes,,Yes,SUP_DC_01,DC,1559000.0,Yes,Yes,249000.0,210000.0,Yes,GTI_GRADE_03,Grade Based,5000000.0,True,False,False,False,False,False,False,False,False,False,False,False,False,False,False,False,False,False,False,False
E09019,Yes,GRAT_STD_01,Yes,SUP_DC_01,DC,2203000.0,Yes,Yes,807000.0,710000.0,Yes,,Salary Multiple,2960000.0,False,False,False,False,False,False,False,False,False,False,False,False,False,True,False,False,False,False,False,False
E09109,Yes,GRAT_ENH_02,Yes,,DC,314000.0,Yes,Yes,128000.0,117000.0,Yes,GTI_SAL_02,Salary Multiple,5330000.0,False,False,False,True,False,False,False,False,False,False,False,False,False,False,False,False,False,False,False,False
E09192,Yes,GRAT_STD_01,Yes,SUP_DC_02,DC,477000.0,Yes,Yes,720000.0,663000.0,Yes,,Flat,2000000.0,False,False,False,False,False,False,False,False,False,False,False,False,False,True,False,False,False,False,False,False
E09240,Yes,GRAT_STD_01,Yes,,DC,542000.0,Yes,Yes,408000.0,347000.0,Yes,GTI_FLAT_01,Flat,2000000.0,False,False,False,True,False,False,False,False,False,False,False,False,False,False,False,False,False,False,False,False
E09378,Yes,,No,,,,Yes,Yes,269000.0,240000.0,Yes,GTI_GRADE_03,Grade Based,3000000.0,True,False,False,False,False,False,False,False,False,False,False,False,False,False,False,False,False,False,False,False
E09384,Yes,GRAT_STD_01,Yes,,DC,1217000.0,Yes,No,287000.0,269000.0,No,,,,False,False,False,True,False,False,False,False,False,False,False,False,False,False,False,False,False,False,False,False
E09386,Yes,GRAT_STD_01,No,,,,Yes,No,321000.0,285000.0,Yes,,Salary Multiple,3200000.0,False,False,False,False,False,False,False,False,False,False,False,False,False,True,False,False,False,False,False,False
E09435,Yes,,Yes,SUP_DC_02,DC,825000.0,Yes,No,529000.0,509000.0,No,,,,True,False,False,False,False,False,False,False,False,False,False,False,False,False,False,False,False,False,False,False
E09820,Yes,GRAT_STD_01,Yes,,DB,,Yes,No,532000.0,489000.0,Yes,GTI_FLAT_01,Flat,2000000.0,False,False,False,True,False,False,False,False,False,False,False,False,False,False,False,False,False,False,False,False
E09862,Yes,GRAT_STD_01,Yes,SUP_DC_02,DC,144000.0,Yes,Yes,98000.0,92000.0,Yes,,Salary Multiple,2060000.0,False,False,False,False,False,False,False,False,False,False,False,False,False,True,False,False,False,False,False,False
E03347,Yes,GRAT_ENH_02,Yes,,DC,102000.0,Yes,Yes,126000.0,111000.0,Yes,GTI_SAL_02,Salary Multiple,1500000.0,False,False,False,True,False,False,False,False,False,False,False,False,False,False,False,False,False,False,False,False
E08688,Yes,GRAT_ENH_02,Yes,SUP_DC_02,DC,808000.0,No,Yes,,,Yes,GTI_SAL_02,Salary Multiple,2050000.0,False,False,False,False,False,False,False,False,False,False,True,False,True,False,False,False,False,False,False,False
