employee_id,plan_id,cover_basis,sum_assured,free_cover_limit,cover_above_free_cover_limit,q_death_1y,fresh_expected_claim_cost,gross_model_premium,gti_cover_status,pipeline_09_version
E02490,GTI_GRADE_03,Grade Based,10000000.0,5000000.0,5000000.0,0.0017088271394941203,17088.271394941203,91535.10431121023,OK,P09-C01
E07548,GTI_GRADE_03,Grade Based,10000000.0,5000000.0,5000000.0,0.0015161251890018184,15161.251890018184,81212.82376473649,OK,P09-C01
E09067,GTI_GRADE_03,Grade Based,10000000.0,5000000.0,5000000.0,0.003714301853130616,37143.01853130616,198960.4446885613,OK,P09-C01
E07281,GTI_GRADE_03,Grade Based,10000000.0,5000000.0,5000000.0,0.0016627274720422255,16627.274720422254,89065.72764261956,OK,P09-C01
E00672,GTI_GRADE_03,Grade Based,10000000.0,5000000.0,5000000.0,0.0016931717044856662,16931.71704485666,90696.50464046736,OK,P09-C01
E02084,GTI_GRADE_03,Grade Based,10000000.0,5000000.0,5000000.0,0.002054899023437513,20548.99023437513,110072.8049737321,OK,P09-C01
E05670,GTI_GRADE_03,Grade Based,10000000.0,5000000.0,5000000.0,0.002163882212404386,21638.822124043858,115910.6029228004,OK,P09-C01
E07300,GTI_GRADE_03,Grade Based,10000000.0,5000000.0,5000000.0,0.003139914327846935,31399.14327846935,168192.77906179443,OK,P09-C01
E08889,GTI_GRADE_03,Grade Based,10000000.0,5000000.0,5000000.0,0.0007379540761302411,7379.540761302411,39529.278166463024,OK,P09-C01
E05085,GTI_GRADE_03,Grade Based,10000000.0,5000000.0,5000000.0,0.002596021464961866,25960.214649618658,139058.59176591266,OK,P09-C01
E08850,GTI_GRADE_03,Grade Based,10000000.0,5000000.0,5000000.0,0.0014557730159186293,14557.730159186292,77979.99679768975,OK,P09-C01
E08817,GTI_GRADE_03,Grade Based,10000000.0,5000000.0,5000000.0,0.0010081314347789802,10081.314347789801,54001.60958891506,OK,P09-C01
E02887,GTI_GRADE_03,Grade Based,10000000.0,5000000.0,5000000.0,0.00086418498502406,8641.8498502406,46290.96818521775,OK,P09-C01
E03727,GTI_GRADE_03,Grade Based,10000000.0,5000000.0,5000000.0,0.001790843024222599,17908.43024222599,95928.37054059605,OK,P09-C01
E06199,GTI_GRADE_03,Grade Based,10000000.0,5000000.0,5000000.0,0.0008833416619130664,8833.416619130665,47317.11552146059,OK,P09-C01
E08628,GTI_GRADE_03,Grade Based,10000000.0,5000000.0,5000000.0,0.001815505126371717,18155.05126371717,97249.42171106233,OK,P09-C01
E08582,GTI_GRADE_03,Grade Based,10000000.0,5000000.0,5000000.0,0.001602589535110149,16025.895351101492,85844.37645798881,OK,P09-C01
E04840,GTI_GRADE_03,Grade Based,10000000.0,5000000.0,5000000.0,0.0011038151623741187,11038.151623741187,59127.00804723969,OK,P09-C01
E08580,GTI_GRADE_03,Grade Based,10000000.0,5000000.0,5000000.0,0.0018277668403375576,18277.668403375577,97906.2331818994,OK,P09-C01
E01036,GTI_GRADE_03,Grade Based,10000000.0,5000000.0,5000000.0,0.0014349876699459912,14349.876699459912,76866.60810682822,OK,P09-C01
E06143,GTI_GRADE_03,Grade Based,10000000.0,5000000.0,5000000.0,0.0018953396706603862,18953.39670660386,101525.84216940348,OK,P09-C01
E03563,GTI_GRADE_03,Grade Based,10000000.0,5000000.0,5000000.0,0.0015233524708242472,15233.524708242472,81599.96063786597,OK,P09-C01
E08454,GTI_GRADE_03,Grade Based,10000000.0,5000000.0,5000000.0,0.00106461371103362,10646.1371103362,57027.14150446832,OK,P09-C01
E01816,GTI_GRADE_03,Grade Based,10000000.0,5000000.0,5000000.0,0.00150280757904473,15028.0757904473,80499.45212612886,OK,P09-C01
E03556,GTI_GRADE_03,Grade Based,10000000.0,5000000.0,5000000.0,0.00238198887587125,23819.8887587125,127593.71336153072,OK,P09-C01
E08230,GTI_GRADE_03,Grade Based,10000000.0,5000000.0,5000000.0,0.0035376336564244067,35376.33656424407,189497.028851917,OK,P09-C01
E05610,GTI_GRADE_03,Grade Based,10000000.0,5000000.0,5000000.0,0.002066054805780559,20660.54805780559,110670.37606611666,OK,P09-C01
E03351,GTI_GRADE_03,Grade Based,10000000.0,5000000.0,5000000.0,0.0014443630855723124,14443.630855723124,77368.81200298727,OK,P09-C01
E05846,GTI_GRADE_03,Grade Based,10000000.0,5000000.0,5000000.0,0.0015181860923165788,15181.860923165788,81323.21819582433,OK,P09-C01
E07900,GTI_GRADE_03,Grade Based,10000000.0,5000000.0,5000000.0,0.0006944798624945822,6944.798624945822,37200.5366641681,OK,P09-C01
E08116,GTI_GRADE_03,Grade Based,10000000.0,5000000.0,5000000.0,0.0008043331145127847,8043.331145127848,43084.94044616131,OK,P09-C01
E05732,GTI_GRADE_03,Grade Based,10000000.0,5000000.0,5000000.0,0.0019149004579769849,19149.004579769848,102573.63610130716,OK,P09-C01
E04961,GTI_GRADE_03,Grade Based,10000000.0,5000000.0,5000000.0,0.0008032305342416757,8032.3053424167565,43025.87958634998,OK,P09-C01
E05059,GTI_GRADE_03,Grade Based,10000000.0,5000000.0,5000000.0,0.0015880356294379276,15880.356294379275,85064.78135263678,OK,P09-C01
E09712,GTI_GRADE_03,Grade Based,10000000.0,5000000.0,5000000.0,0.002776064173469964,27760.641734699642,148702.76683948998,OK,P09-C01
E04698,GTI_GRADE_03,Grade Based,10000000.0,5000000.0,5000000.0,0.0011832585936239776,11832.585936239777,63382.47812857808,OK,P09-C01
E09872,GTI_GRADE_03,Grade Based,10000000.0,5000000.0,5000000.0,0.00239682687231651,23968.268723165103,128388.52608482838,OK,P09-C01
E00141,GTI_GRADE_03,Grade Based,10000000.0,5000000.0,5000000.0,0.0014038244764553037,14038.244764553037,75197.31921217445,OK,P09-C01
E00142,GTI_GRADE_03,Grade Based,10000000.0,5000000.0,5000000.0,0.0007977477237541611,7977.477237541611,42732.187135958644,OK,P09-C01
E00192,GTI_GRADE_03,Grade Based,10000000.0,5000000.0,5000000.0,0.0019703246365936453,19703.24636593645,105542.48991559117,OK,P09-C01
E04220,GTI_GRADE_03,Grade Based,10000000.0,5000000.0,5000000.0,0.0022469937995637625,22469.937995637625,120362.56159332804,OK,P09-C01
E02551,GTI_GRADE_03,Grade Based,10000000.0,5000000.0,5000000.0,0.0007669156686319992,7669.156686319992,41080.63601267092,OK,P09-C01
E09792,GTI_GRADE_03,Grade Based,10000000.0,5000000.0,5000000.0,0.0012187621764552085,12187.621764552085,65284.264495829055,OK,P09-C01
E04189,GTI_GRADE_03,Grade Based,10000000.0,5000000.0,5000000.0,0.0007767613692263945,7767.613692263945,41608.03121262761,OK,P09-C01
E02394,GTI_GRADE_03,Grade Based,10000000.0,5000000.0,5000000.0,0.001406338681119463,14063.38681119463,75331.99520184868,OK,P09-C01
E02613,GTI_GRADE_03,Grade Based,10000000.0,5000000.0,5000000.0,0.0013594538104680957,13594.538104680956,72820.55830662181,OK,P09-C01
E05692,GTI_GRADE_03,Grade Based,10000000.0,5000000.0,5000000.0,0.0010998163709167058,10998.163709167058,58912.80862079481,OK,P09-C01
E09282,GTI_GRADE_03,Grade Based,10000000.0,5000000.0,5000000.0,0.0007510218614260306,7510.218614260306,40229.26768706527,OK,P09-C01
E00492,GTI_GRADE_03,Grade Based,10000000.0,5000000.0,5000000.0,0.0010578743725981892,10578.74372598189,56666.14182672541,OK,P09-C01
E09383,GTI_GRADE_03,Grade Based,10000000.0,5000000.0,5000000.0,0.0015278463637690696,15278.463637690696,81840.68069079625,OK,P09-C01
E02212,GTI_GRADE_03,Grade Based,10000000.0,5000000.0,5000000.0,0.0012394286143515986,12394.286143515985,66391.28375182426,OK,P09-C01
E05942,GTI_GRADE_03,Grade Based,7500000.0,5000000.0,2500000.0,0.0016003967667391824,12002.975750543868,64295.188903437964,OK,P09-C01
E06109,GTI_SAL_02,Salary Multiple,10000000.0,7500000.0,2500000.0,0.0008836982726745323,8836.982726745324,90124.51480615092,OK,P09-C01
E06106,GTI_SAL_02,Salary Multiple,10000000.0,7500000.0,2500000.0,0.0007869311022373395,7869.311022373395,80255.65508956289,OK,P09-C01
E06102,GTI_SAL_02,Salary Multiple,10000000.0,7500000.0,2500000.0,0.0011099653445917803,11099.653445917804,113200.5020562255,OK,P09-C01
E06034,GTI_GRADE_03,Grade Based,7500000.0,5000000.0,2500000.0,0.0021865383158049803,16399.037368537352,87843.15051181137,OK,P09-C01
E05978,GTI_SAL_02,Salary Multiple,10000000.0,7500000.0,2500000.0,0.001132308482697719,11323.08482697719,115479.18081266365,OK,P09-C01
E05958,GTI_SAL_02,Salary Multiple,10000000.0,7500000.0,2500000.0,0.000652152569119415,6521.525691194151,66510.18304425156,OK,P09-C01
E06374,GTI_GRADE_03,Grade Based,7500000.0,5000000.0,2500000.0,0.000779022761846413,5842.670713848097,31296.873796518892,OK,P09-C01
E06241,GTI_GRADE_03,Grade Based,7500000.0,5000000.0,2500000.0,0.0007004498506443523,5253.373879832642,28140.243969827392,OK,P09-C01
E06697,GTI_GRADE_03,Grade Based,7500000.0,5000000.0,2500000.0,0.0027720392191137757,20790.29414335332,111365.37447760598,OK,P09-C01
E06337,GTI_GRADE_03,Grade Based,7500000.0,5000000.0,2500000.0,0.0036096974051485118,27072.73053861384,145017.89891837278,OK,P09-C01
E06261,GTI_GRADE_03,Grade Based,7500000.0,5000000.0,2500000.0,0.0005567793232439242,4175.844924329432,22368.347968132646,OK,P09-C01
E05809,GTI_SAL_02,Salary Multiple,10000000.0,7500000.0,2500000.0,0.0018603439664278475,18603.439664278474,189728.32982848943,OK,P09-C01
E06270,GTI_GRADE_03,Grade Based,7500000.0,5000000.0,2500000.0,0.00149975345879955,11248.150940996624,60251.891247301086,OK,P09-C01
E06708,GTI_SAL_02,Salary Multiple,10000000.0,7500000.0,2500000.0,0.0007179841907283931,7179.8419072839315,73224.06168345586,OK,P09-C01
E05781,GTI_GRADE_03,Grade Based,7500000.0,5000000.0,2500000.0,0.0007177139899915551,5382.854924936663,28833.822664594012,OK,P09-C01
E06711,GTI_SAL_02,Salary Multiple,10000000.0,7500000.0,2500000.0,0.0011917581311545616,11917.581311545617,121542.18997341879,OK,P09-C01
E05936,GTI_SAL_02,Salary Multiple,10000000.0,7500000.0,2500000.0,0.0007351545059505002,7351.5450595050015,74975.18689928051,OK,P09-C01
E06117,GTI_GRADE_03,Grade Based,7500000.0,5000000.0,2500000.0,0.001333146917595706,9998.601881967794,53558.551656847325,OK,P09-C01
E06238,GTI_GRADE_03,Grade Based,7500000.0,5000000.0,2500000.0,0.00218809252451206,16410.69393384045,87905.59011709793,OK,P09-C01
E06350,GTI_SAL_02,Salary Multiple,10000000.0,7500000.0,2500000.0,0.0007530380681745418,7530.380681745418,76799.05305166007,OK,P09-C01
E06226,GTI_SAL_02,Salary Multiple,10000000.0,7500000.0,2500000.0,0.0013981866463037183,13981.866463037182,142594.92974359586,OK,P09-C01
E06483,GTI_GRADE_03,Grade Based,7500000.0,5000000.0,2500000.0,0.00045481222735324454,3411.091705149334,18271.86775242708,OK,P09-C01
E06507,GTI_GRADE_03,Grade Based,7500000.0,5000000.0,2500000.0,0.0007773635425432114,5830.226569074086,31230.21543982343,OK,P09-C01
E06519,GTI_SAL_02,Salary Multiple,10000000.0,7500000.0,2500000.0,0.0009759067788524103,9759.067788524104,99528.45632923444,OK,P09-C01
E06368,GTI_SAL_02,Salary Multiple,10000000.0,7500000.0,2500000.0,0.0007070207238288762,7070.207238288762,72105.94573204427,OK,P09-C01
E06560,GTI_SAL_02,Salary Multiple,10000000.0,7500000.0,2500000.0,0.0021349156315037927,21349.156315037926,217730.69088278155,OK,P09-C01
E06188,GTI_GRADE_03,Grade Based,7500000.0,5000000.0,2500000.0,0.00045091942766428705,3381.895707482153,18115.476352140304,OK,P09-C01
E06177,GTI_GRADE_03,Grade Based,7500000.0,5000000.0,2500000.0,0.0007511656321863679,5633.742241397759,30177.726688111838,OK,P09-C01
E06576,GTI_SAL_02,Salary Multiple,10000000.0,7500000.0,2500000.0,0.0018452611998185516,18452.611998185515,188190.10454885504,OK,P09-C01
E06602,GTI_GRADE_03,Grade Based,7500000.0,5000000.0,2500000.0,0.0006641043085538065,4980.782314153549,26680.078876348216,OK,P09-C01
E06169,GTI_GRADE_03,Grade Based,7500000.0,5000000.0,2500000.0,0.0025619194833683546,19214.39612526266,102923.91272083276,OK,P09-C01
E06316,GTI_GRADE_03,Grade Based,7500000.0,5000000.0,2500000.0,0.0008111504443152583,6083.628332364437,32587.588359491212,OK,P09-C01
E06674,GTI_SAL_02,Salary Multiple,10000000.0,7500000.0,2500000.0,0.0011863408778374095,11863.408778374094,120989.7080439105,OK,P09-C01
E06142,GTI_SAL_02,Salary Multiple,10000000.0,7500000.0,2500000.0,0.001614342376720218,16143.423767202179,164639.70557799542,OK,P09-C01
E06689,GTI_GRADE_03,Grade Based,7500000.0,5000000.0,2500000.0,0.0012353700853007569,9265.275639755677,49630.41331425841,OK,P09-C01
E06280,GTI_GRADE_03,Grade Based,7500000.0,5000000.0,2500000.0,0.0007038560098672406,5278.920074004304,28277.084817810985,OK,P09-C01
E05172,GTI_GRADE_03,Grade Based,7500000.0,5000000.0,2500000.0,0.002896266947190184,21722.00210392638,116356.16514259316,OK,P09-C01
E05657,GTI_SAL_02,Salary Multiple,10000000.0,7500000.0,2500000.0,0.0007536154806690429,7536.154806690429,76857.94082197608,OK,P09-C01
E04658,GTI_SAL_02,Salary Multiple,10000000.0,7500000.0,2500000.0,0.0021158420972085435,21158.420972085434,215785.4646928567,OK,P09-C01
E04993,GTI_GRADE_03,Grade Based,7500000.0,5000000.0,2500000.0,0.0011589443846255507,8692.08288469163,46560.04666261746,OK,P09-C01
E04951,GTI_SAL_02,Salary Multiple,10000000.0,7500000.0,2500000.0,0.0009746933542917884,9746.933542917885,99404.70447505356,OK,P09-C01
E04911,GTI_GRADE_03,Grade Based,7500000.0,5000000.0,2500000.0,0.0013740593887957486,10305.445415968114,55202.19098365802,OK,P09-C01
E04792,GTI_SAL_02,Salary Multiple,10000000.0,7500000.0,2500000.0,0.0027720392191137757,27720.39219113776,282708.13395406835,OK,P09-C01
E04778,GTI_GRADE_03,Grade Based,7500000.0,5000000.0,2500000.0,0.0012402422262144351,9301.816696608263,49826.149288561435,OK,P09-C01
E04761,GTI_GRADE_03,Grade Based,7500000.0,5000000.0,2500000.0,0.00131934189659413,9895.064224455975,53003.941417962174,OK,P09-C01
E04747,GTI_SAL_02,Salary Multiple,10000000.0,7500000.0,2500000.0,0.003567327364858988,35673.27364858988,363816.08729366784,OK,P09-C01
E04737,GTI_GRADE_03,Grade Based,7500000.0,5000000.0,2500000.0,0.0007576742782045441,5682.557086534081,30439.208486839092,OK,P09-C01
E04718,GTI_GRADE_03,Grade Based,7500000.0,5000000.0,2500000.0,0.0012100313313196786,9075.23498489759,48612.440766669104,OK,P09-C01
E04716,GTI_SAL_02,Salary Multiple,10000000.0,7500000.0,2500000.0,0.0008926742552837801,8926.7425528378,91039.93594318513,OK,P09-C01
E04677,GTI_GRADE_03,Grade Based,7500000.0,5000000.0,2500000.0,0.0006106524488367195,4579.893366275396,24532.675501651032,OK,P09-C01
E04642,GTI_SAL_02,Salary Multiple,10000000.0,7500000.0,2500000.0,0.001199548690436435,11995.48690436435,122336.71497936048,OK,P09-C01
E05648,GTI_GRADE_03,Grade Based,7500000.0,5000000.0,2500000.0,0.000848265308490381,6361.9898136778575,34078.66060661095,OK,P09-C01
E04623,GTI_SAL_02,Salary Multiple,10000000.0,7500000.0,2500000.0,0.000712072210820109,7120.72210820109,72621.12475661855,OK,P09-C01
E04619,GTI_GRADE_03,Grade Based,7500000.0,5000000.0,2500000.0,0.000715019720309146,5362.647902318595,28725.581644749753,OK,P09-C01
E04568,GTI_SAL_02,Salary Multiple,10000000.0,7500000.0,2500000.0,0.0021465521771394844,21465.521771394844,218917.451185325,OK,P09-C01
E04543,GTI_GRADE_03,Grade Based,7500000.0,5000000.0,2500000.0,0.00047983515134601744,3598.7636350951307,19277.151978481692,OK,P09-C01
E04542,GTI_GRADE_03,Grade Based,7500000.0,5000000.0,2500000.0,0.0006171314715649717,4628.486036737288,24792.967198610284,OK,P09-C01
E04517,GTI_GRADE_03,Grade Based,7500000.0,5000000.0,2500000.0,0.0018091991182108953,13568.993386581715,72683.72536537377,OK,P09-C01
E04512,GTI_GRADE_03,Grade Based,7500000.0,5000000.0,2500000.0,0.0007076825363151468,5307.6190223636,28430.813721746108,OK,P09-C01
E04471,GTI_SAL_02,Salary Multiple,10000000.0,7500000.0,2500000.0,0.0006559432627907213,6559.432627907214,66896.77928243506,OK,P09-C01
E04457,GTI_GRADE_03,Grade Based,7500000.0,5000000.0,2500000.0,0.0028475279163905198,21356.459372928897,114398.09745752791,OK,P09-C01
E04422,GTI_SAL_02,Salary Multiple,10000000.0,7500000.0,2500000.0,0.0022528719346671918,22528.719346671918,229760.5374035339,OK,P09-C01
E04384,GTI_GRADE_03,Grade Based,7500000.0,5000000.0,2500000.0,0.0011745776359966863,8809.332269975148,47188.10519845797,OK,P09-C01
E04998,GTI_GRADE_03,Grade Based,7500000.0,5000000.0,2500000.0,0.0011881433347980506,8911.07501098538,47733.10078028358,OK,P09-C01
E05005,GTI_SAL_02,Salary Multiple,10000000.0,7500000.0,2500000.0,0.0008676593055529089,8676.593055529089,88488.77082596492,OK,P09-C01
E05074,GTI_GRADE_03,Grade Based,7500000.0,5000000.0,2500000.0,0.0023219712220096124,17414.784165072095,93284.10394857093,OK,P09-C01
E05122,GTI_GRADE_03,Grade Based,7500000.0,5000000.0,2500000.0,0.001746266056497318,13096.995423729884,70155.41915079017,OK,P09-C01
E05643,GTI_GRADE_03,Grade Based,7500000.0,5000000.0,2500000.0,0.001459709012478273,10947.817593587048,58643.124412558,OK,P09-C01
E05625,GTI_SAL_02,Salary Multiple,10000000.0,7500000.0,2500000.0,0.0009343548155646905,9343.548155646906,95290.75365814642,OK,P09-C01
E05621,GTI_GRADE_03,Grade Based,7500000.0,5000000.0,2500000.0,0.0014420935622622762,10815.70171696707,57935.4319685372,OK,P09-C01
E05616,GTI_GRADE_03,Grade Based,7500000.0,5000000.0,2500000.0,0.00376779925752994,28258.49443147455,151369.56662734912,OK,P09-C01
E05599,GTI_SAL_02,Salary Multiple,10000000.0,7500000.0,2500000.0,0.0023153439605804586,23153.439605804586,236131.7855981811,OK,P09-C01
E05589,GTI_SAL_02,Salary Multiple,10000000.0,7500000.0,2500000.0,0.0011161573567736002,11161.573567736003,113831.99824764764,OK,P09-C01
E05574,GTI_SAL_02,Salary Multiple,10000000.0,7500000.0,2500000.0,0.0022955859746511945,22955.859746511946,234116.75518510534,OK,P09-C01
E05536,GTI_GRADE_03,Grade Based,7500000.0,5000000.0,2500000.0,0.0015048476424333148,11286.35731824986,60456.54768366034,OK,P09-C01
E05430,GTI_GRADE_03,Grade Based,7500000.0,5000000.0,2500000.0,0.0005809263805743591,4356.947854307693,23338.444662145448,OK,P09-C01
E05420,GTI_SAL_02,Salary Multiple,10000000.0,7500000.0,2500000.0,0.0008279583900305127,8279.583900305128,84439.84840588713,OK,P09-C01
E06748,GTI_SAL_02,Salary Multiple,10000000.0,7500000.0,2500000.0,0.0006647101176199886,6647.101176199886,67790.8723935061,OK,P09-C01
E05384,GTI_GRADE_03,Grade Based,7500000.0,5000000.0,2500000.0,0.0008799631195544243,6599.7233966581825,35352.105287670034,OK,P09-C01
E05327,GTI_SAL_02,Salary Multiple,10000000.0,7500000.0,2500000.0,0.000671918649110077,6719.18649110077,68526.03893518423,OK,P09-C01
E05321,GTI_GRADE_03,Grade Based,7500000.0,5000000.0,2500000.0,0.0015704125995238533,11778.0944964289,63090.58905964432,OK,P09-C01
E05277,GTI_GRADE_03,Grade Based,7500000.0,5000000.0,2500000.0,0.0007114046776652825,5335.535082489619,28580.349003374977,OK,P09-C01
E05251,GTI_GRADE_03,Grade Based,7500000.0,5000000.0,2500000.0,0.000748583486611546,5614.376149586595,30073.990201660657,OK,P09-C01
E05239,GTI_GRADE_03,Grade Based,7500000.0,5000000.0,2500000.0,0.0014889521950137278,11167.141462602958,59817.95554464388,OK,P09-C01
E05236,GTI_GRADE_03,Grade Based,7500000.0,5000000.0,2500000.0,0.003584035623808843,26880.267178566322,143986.9488982759,OK,P09-C01
E05224,GTI_SAL_02,Salary Multiple,10000000.0,7500000.0,2500000.0,0.002741389171572055,27413.89171572055,279582.269901938,OK,P09-C01
E05204,GTI_GRADE_03,Grade Based,7500000.0,5000000.0,2500000.0,0.0007691384701077334,5768.5385258080005,30899.77701544382,OK,P09-C01
E05192,GTI_GRADE_03,Grade Based,7500000.0,5000000.0,2500000.0,0.000777212940317608,5829.09705238206,31224.165066100053,OK,P09-C01
E00022,GTI_SAL_02,Salary Multiple,10000000.0,7500000.0,2500000.0,0.0016604407558622686,16604.407558622686,169341.0772814314,OK,P09-C01
E05167,GTI_SAL_02,Salary Multiple,10000000.0,7500000.0,2500000.0,0.0009785423868503788,9785.423868503787,99797.25044073272,OK,P09-C01
E05417,GTI_GRADE_03,Grade Based,7500000.0,5000000.0,2500000.0,0.00046944548659689063,3520.8411494766797,18859.752073925796,OK,P09-C01
E07020,GTI_SAL_02,Salary Multiple,10000000.0,7500000.0,2500000.0,0.0020375714122796962,20375.714122796962,207802.98048882172,OK,P09-C01
E06751,GTI_SAL_02,Salary Multiple,10000000.0,7500000.0,2500000.0,0.0005211692337091383,5211.692337091384,53151.766584055265,OK,P09-C01
E09077,GTI_GRADE_03,Grade Based,7500000.0,5000000.0,2500000.0,0.0009171279512754343,6878.459634565757,36845.18495749184,OK,P09-C01
E08968,GTI_GRADE_03,Grade Based,7500000.0,5000000.0,2500000.0,0.0011637083957119626,8727.81296783972,46751.438571864455,OK,P09-C01
E08967,GTI_GRADE_03,Grade Based,7500000.0,5000000.0,2500000.0,0.0016596793112369315,12447.594834276986,66676.83730236928,OK,P09-C01
E08957,GTI_SAL_02,Salary Multiple,10000000.0,7500000.0,2500000.0,0.0010100308432647912,10100.308432647911,103008.62014020563,OK,P09-C01
E08894,GTI_SAL_02,Salary Multiple,10000000.0,7500000.0,2500000.0,0.0007916969687330986,7916.969687330986,80741.70493128231,OK,P09-C01
E08867,GTI_SAL_02,Salary Multiple,10000000.0,7500000.0,2500000.0,0.0006736454937627537,6736.454937627537,68702.15225494558,OK,P09-C01
E08863,GTI_SAL_02,Salary Multiple,10000000.0,7500000.0,2500000.0,0.0008078114994353108,8078.114994353108,82385.15530996217,OK,P09-C01
E08855,GTI_GRADE_03,Grade Based,7500000.0,5000000.0,2500000.0,0.0011199887401199284,8399.915550899463,44995.02192975235,OK,P09-C01
E08721,GTI_GRADE_03,Grade Based,7500000.0,5000000.0,2500000.0,0.001604785734495169,12035.893008713767,64471.51362292437,OK,P09-C01
E08672,GTI_SAL_02,Salary Multiple,10000000.0,7500000.0,2500000.0,0.0016139736150809292,16139.736150809293,164602.0971941752,OK,P09-C01
E08666,GTI_SAL_02,Salary Multiple,10000000.0,7500000.0,2500000.0,0.0009559288014354933,9559.288014354932,97490.98994825054,OK,P09-C01
E08665,GTI_SAL_02,Salary Multiple,10000000.0,7500000.0,2500000.0,0.0017867004490366362,17867.004490366362,182217.75016716003,OK,P09-C01
E08643,GTI_SAL_02,Salary Multiple,10000000.0,7500000.0,2500000.0,0.0007776648648486349,7776.648648486349,79310.63213935599,OK,P09-C01
E08602,GTI_SAL_02,Salary Multiple,10000000.0,7500000.0,2500000.0,0.0029616892297120775,29616.892297120776,302049.707562019,OK,P09-C01
E08596,GTI_GRADE_03,Grade Based,7500000.0,5000000.0,2500000.0,0.0020033998348026358,15025.498761019768,80485.6479997775,OK,P09-C01
E08530,GTI_GRADE_03,Grade Based,7500000.0,5000000.0,2500000.0,0.0012968013960180209,9726.010470135157,52098.3873874627,OK,P09-C01
E08529,GTI_GRADE_03,Grade Based,7500000.0,5000000.0,2500000.0,0.0009061753434492175,6796.315075869131,36405.1690790502,OK,P09-C01
E08472,GTI_GRADE_03,Grade Based,7500000.0,5000000.0,2500000.0,0.001493666666249216,11202.49999686912,60007.35721363323,OK,P09-C01
E08436,GTI_SAL_02,Salary Multiple,10000000.0,7500000.0,2500000.0,0.0020433292392933317,20433.292392933316,208390.19603737214,OK,P09-C01
E08406,GTI_GRADE_03,Grade Based,7500000.0,5000000.0,2500000.0,0.0007678037458996783,5758.528094247587,30846.15509688312,OK,P09-C01
E08376,GTI_SAL_02,Salary Multiple,10000000.0,7500000.0,2500000.0,0.0012214227494598269,12214.227494598268,124567.55441549272,OK,P09-C01
E08375,GTI_GRADE_03,Grade Based,7500000.0,5000000.0,2500000.0,0.0009089439507368931,6817.079630526699,36516.39657729318,OK,P09-C01
E08346,GTI_SAL_02,Salary Multiple,10000000.0,7500000.0,2500000.0,0.0018332936143199009,18332.936143199007,186969.58294117698,OK,P09-C01
E08339,GTI_SAL_02,Salary Multiple,10000000.0,7500000.0,2500000.0,0.000575107431227775,5751.07431227775,58652.68701266839,OK,P09-C01
E08334,GTI_GRADE_03,Grade Based,7500000.0,5000000.0,2500000.0,0.0007835721728657975,5876.791296493481,31479.64424880286,OK,P09-C01
E08327,GTI_GRADE_03,Grade Based,7500000.0,5000000.0,2500000.0,0.0006506216145279015,4879.662108959262,26138.417972415577,OK,P09-C01
E08998,GTI_GRADE_03,Grade Based,7500000.0,5000000.0,2500000.0,0.0017370205650783785,13027.65423808784,69783.98587271814,OK,P09-C01
E09095,GTI_SAL_02,Salary Multiple,10000000.0,7500000.0,2500000.0,0.001927015143593584,19270.15143593584,196527.8310603199,OK,P09-C01
E06769,GTI_GRADE_03,Grade Based,7500000.0,5000000.0,2500000.0,0.0005008879323705845,3756.6594927793835,20122.93757430941,OK,P09-C01
E09125,GTI_GRADE_03,Grade Based,7500000.0,5000000.0,2500000.0,0.0009120948247928865,6840.711185946649,36642.98146352349,OK,P09-C01
E09908,GTI_GRADE_03,Grade Based,7500000.0,5000000.0,2500000.0,0.0010522983841408289,7892.237881056217,42275.59365104824,OK,P09-C01
E09898,GTI_GRADE_03,Grade Based,7500000.0,5000000.0,2500000.0,0.0008393640279645802,6295.230209734352,33721.055839603745,OK,P09-C01
E09829,GTI_GRADE_03,Grade Based,7500000.0,5000000.0,2500000.0,0.0010711787028802008,8033.840271601505,43034.10159428684,OK,P09-C01
E09816,GTI_GRADE_03,Grade Based,7500000.0,5000000.0,2500000.0,0.0008824509482669912,6618.382112002434,35452.05263845092,OK,P09-C01
E09803,GTI_GRADE_03,Grade Based,7500000.0,5000000.0,2500000.0,0.002197443319522726,16480.824896420443,88281.25391753977,OK,P09-C01
E09786,GTI_GRADE_03,Grade Based,7500000.0,5000000.0,2500000.0,0.0007383752725749806,5537.814544312354,29663.87999431189,OK,P09-C01
E09761,GTI_GRADE_03,Grade Based,7500000.0,5000000.0,2500000.0,0.0012214227494598269,9160.670620948702,49070.085643502476,OK,P09-C01
E09713,GTI_GRADE_03,Grade Based,7500000.0,5000000.0,2500000.0,0.0009734818265971145,7301.113699478359,39109.17544694445,OK,P09-C01
E09649,GTI_SAL_02,Salary Multiple,10000000.0,7500000.0,2500000.0,0.001425682847099199,14256.828470991988,145399.1467850134,OK,P09-C01
E09636,GTI_SAL_02,Salary Multiple,10000000.0,7500000.0,2500000.0,0.00079572396367354,7957.2396367353995,81152.40050052415,OK,P09-C01
E09584,GTI_SAL_02,Salary Multiple,10000000.0,7500000.0,2500000.0,0.0007152885152933235,7152.885152933235,72949.1415572399,OK,P09-C01
E09564,GTI_SAL_02,Salary Multiple,10000000.0,7500000.0,2500000.0,0.0034382792200384213,34382.79220038421,350655.03244245966,OK,P09-C01
E09540,GTI_SAL_02,Salary Multiple,10000000.0,7500000.0,2500000.0,0.0007526054039294713,7526.054039294713,76754.92752107265,OK,P09-C01
E09481,GTI_SAL_02,Salary Multiple,10000000.0,7500000.0,2500000.0,0.0006519166996301115,6519.166996301115,66486.12774852634,OK,P09-C01
E09448,GTI_SAL_02,Salary Multiple,10000000.0,7500000.0,2500000.0,0.0006784893719344924,6784.893719344925,69196.15816568119,OK,P09-C01
E09427,GTI_SAL_02,Salary Multiple,10000000.0,7500000.0,2500000.0,0.0007445908321728901,7445.908321728901,75937.5564643715,OK,P09-C01
E09409,GTI_SAL_02,Salary Multiple,10000000.0,7500000.0,2500000.0,0.001406338681119463,14063.38681119463,143426.32005539117,OK,P09-C01
E09407,GTI_GRADE_03,Grade Based,7500000.0,5000000.0,2500000.0,0.0008073359982735152,6055.019987051364,32434.344780203355,OK,P09-C01
E09389,GTI_SAL_02,Salary Multiple,10000000.0,7500000.0,2500000.0,0.0025404710719562147,25404.710719562147,259091.51326749494,OK,P09-C01
E09327,GTI_GRADE_03,Grade Based,7500000.0,5000000.0,2500000.0,0.0009469124035892307,7101.84302691923,38041.76134885933,OK,P09-C01
E09261,GTI_SAL_02,Salary Multiple,10000000.0,7500000.0,2500000.0,0.0007369725650625786,7369.725650625785,75160.60278208977,OK,P09-C01
E09196,GTI_SAL_02,Salary Multiple,10000000.0,7500000.0,2500000.0,0.0007016262928015417,7016.262928015417,71555.79134787606,OK,P09-C01
E09193,GTI_SAL_02,Salary Multiple,10000000.0,7500000.0,2500000.0,0.000860556397756231,8605.56397756231,87764.37638197557,OK,P09-C01
E09149,GTI_SAL_02,Salary Multiple,10000000.0,7500000.0,2500000.0,0.0024802558758548164,24802.558758548163,252950.42925680513,OK,P09-C01
E09146,GTI_SAL_02,Salary Multiple,10000000.0,7500000.0,2500000.0,0.0015299256086140323,15299.256086140324,156030.40928046225,OK,P09-C01
E08315,GTI_GRADE_03,Grade Based,7500000.0,5000000.0,2500000.0,0.0010833057993174693,8124.79349488102,43521.302001391545,OK,P09-C01
E08314,GTI_SAL_02,Salary Multiple,10000000.0,7500000.0,2500000.0,0.001133525140654333,11335.25140654333,115603.26242673426,OK,P09-C01
E08267,GTI_SAL_02,Salary Multiple,10000000.0,7500000.0,2500000.0,0.0009139548152471938,9139.548152471938,93210.24701067348,OK,P09-C01
E08217,GTI_GRADE_03,Grade Based,7500000.0,5000000.0,2500000.0,0.0009922684854281143,7442.0136407108575,39863.92064732664,OK,P09-C01
E07427,GTI_SAL_02,Salary Multiple,10000000.0,7500000.0,2500000.0,0.0004221905960581621,4221.905960581621,43057.36901612717,OK,P09-C01
E07338,GTI_GRADE_03,Grade Based,7500000.0,5000000.0,2500000.0,0.0027229114971986912,20421.836228990185,109391.69130942403,OK,P09-C01
E07337,GTI_SAL_02,Salary Multiple,10000000.0,7500000.0,2500000.0,0.0016184051030440284,16184.051030440285,165054.04523446603,OK,P09-C01
E07276,GTI_GRADE_03,Grade Based,7500000.0,5000000.0,2500000.0,0.0007752586813311647,5814.440109983735,31145.653628617194,OK,P09-C01
E07262,GTI_SAL_02,Salary Multiple,10000000.0,7500000.0,2500000.0,0.0010370959128370284,10370.959128370285,105768.86799721484,OK,P09-C01
E07251,GTI_GRADE_03,Grade Based,7500000.0,5000000.0,2500000.0,0.0006403936195783127,4802.952146837345,25727.513076170933,OK,P09-C01
E07207,GTI_GRADE_03,Grade Based,7500000.0,5000000.0,2500000.0,0.00155301316345578,11647.59872591835,62391.574882622815,OK,P09-C01
E07175,GTI_SAL_02,Salary Multiple,10000000.0,7500000.0,2500000.0,0.0013013878022869645,13013.878022869645,132722.83977740977,OK,P09-C01
E07137,GTI_GRADE_03,Grade Based,7500000.0,5000000.0,2500000.0,0.0005468660700534351,4101.495525400763,21970.087674325154,OK,P09-C01
E07133,GTI_GRADE_03,Grade Based,7500000.0,5000000.0,2500000.0,0.0018091991182108953,13568.993386581715,72683.72536537377,OK,P09-C01
E07132,GTI_GRADE_03,Grade Based,7500000.0,5000000.0,2500000.0,0.0007159611164886782,5369.708373665087,28763.401794386347,OK,P09-C01
E07068,GTI_SAL_02,Salary Multiple,10000000.0,7500000.0,2500000.0,0.0007024121231378965,7024.121231378965,71635.93474067638,OK,P09-C01
E07061,GTI_SAL_02,Salary Multiple,10000000.0,7500000.0,2500000.0,0.0011366958834562147,11366.958834562147,115926.63259212999,OK,P09-C01
E04304,GTI_GRADE_03,Grade Based,7500000.0,5000000.0,2500000.0,0.0018651127377101778,13988.345532826334,74930.02878381051,OK,P09-C01
E06972,GTI_SAL_02,Salary Multiple,10000000.0,7500000.0,2500000.0,0.0005744229713451907,5744.229713451907,58582.881948281996,OK,P09-C01
E06971,GTI_SAL_02,Salary Multiple,10000000.0,7500000.0,2500000.0,0.0007514532862182273,7514.532862182273,76637.42808383693,OK,P09-C01
E06953,GTI_SAL_02,Salary Multiple,10000000.0,7500000.0,2500000.0,0.000563829694715597,5638.29694715597,57502.520080469345,OK,P09-C01
E06948,GTI_GRADE_03,Grade Based,7500000.0,5000000.0,2500000.0,0.0016055185643307473,12041.389232480604,64500.954717590284,OK,P09-C01
E06929,GTI_GRADE_03,Grade Based,7500000.0,5000000.0,2500000.0,0.0035664502676777624,26748.377007583218,143280.46546999094,OK,P09-C01
E06926,GTI_SAL_02,Salary Multiple,10000000.0,7500000.0,2500000.0,0.001164462767400049,11644.627674000489,118758.45542181932,OK,P09-C01
E06905,GTI_SAL_02,Salary Multiple,10000000.0,7500000.0,2500000.0,0.0015498414296255592,15498.414296255592,158061.5366020057,OK,P09-C01
E06867,GTI_SAL_02,Salary Multiple,10000000.0,7500000.0,2500000.0,0.00106890930339087,10689.093033908699,109013.37630583244,OK,P09-C01
E06866,GTI_SAL_02,Salary Multiple,10000000.0,7500000.0,2500000.0,0.0006736454937627537,6736.454937627537,68702.15225494558,OK,P09-C01
E06841,GTI_GRADE_03,Grade Based,7500000.0,5000000.0,2500000.0,0.0007231448746923802,5423.586560192851,29052.005908280382,OK,P09-C01
E06828,GTI_GRADE_03,Grade Based,7500000.0,5000000.0,2500000.0,0.0014072828602005568,10554.621451504176,56536.92835278709,OK,P09-C01
E07440,GTI_GRADE_03,Grade Based,7500000.0,5000000.0,2500000.0,0.0008578050665789698,6433.537999342273,34461.91591001215,OK,P09-C01
E07463,GTI_GRADE_03,Grade Based,7500000.0,5000000.0,2500000.0,0.0007825074577615527,5868.805933211645,31436.86981924984,OK,P09-C01
E07480,GTI_GRADE_03,Grade Based,7500000.0,5000000.0,2500000.0,0.0008450601277523239,6337.950958142429,33949.89397491941,OK,P09-C01
E07883,GTI_GRADE_03,Grade Based,7500000.0,5000000.0,2500000.0,0.0011173529477229208,8380.147107921906,44889.13020740082,OK,P09-C01
E08212,GTI_GRADE_03,Grade Based,7500000.0,5000000.0,2500000.0,0.0006634992890200688,4976.244667650516,26655.772500566665,OK,P09-C01
E08166,GTI_GRADE_03,Grade Based,7500000.0,5000000.0,2500000.0,0.0013129378514923312,9847.033886192485,52746.661911952404,OK,P09-C01
E08158,GTI_SAL_02,Salary Multiple,10000000.0,7500000.0,2500000.0,0.0009307241562456926,9307.241562456926,94920.47862234623,OK,P09-C01
E08138,GTI_SAL_02,Salary Multiple,10000000.0,7500000.0,2500000.0,0.000919563975815655,9195.63975815655,93782.30071987944,OK,P09-C01
E08112,GTI_SAL_02,Salary Multiple,10000000.0,7500000.0,2500000.0,0.0009523877607245877,9523.877607245877,97129.85472161564,OK,P09-C01
E08097,GTI_SAL_02,Salary Multiple,10000000.0,7500000.0,2500000.0,0.0006959009591928174,6959.009591928174,70971.88965931899,OK,P09-C01
E08062,GTI_GRADE_03,Grade Based,7500000.0,5000000.0,2500000.0,0.0005784497861696809,4338.373396272606,23238.948644410782,OK,P09-C01
E08037,GTI_GRADE_03,Grade Based,7500000.0,5000000.0,2500000.0,0.0006746350969046121,5059.76322678459,27103.148355360416,OK,P09-C01
E08027,GTI_GRADE_03,Grade Based,7500000.0,5000000.0,2500000.0,0.0005399668974955087,4049.7517312163154,21692.916655170266,OK,P09-C01
E07985,GTI_GRADE_03,Grade Based,7500000.0,5000000.0,2500000.0,0.001907761489856432,14308.211173923239,76643.42238265311,OK,P09-C01
E07925,GTI_SAL_02,Salary Multiple,10000000.0,7500000.0,2500000.0,0.0020356561323657545,20356.561323657545,207607.64948241436,OK,P09-C01
E07862,GTI_GRADE_03,Grade Based,7500000.0,5000000.0,2500000.0,0.0007186603095134627,5389.95232135097,28871.8406071996,OK,P09-C01
E07568,GTI_SAL_02,Salary Multiple,10000000.0,7500000.0,2500000.0,0.0006913934035484816,6913.934035484816,70512.18380951803,OK,P09-C01
E07859,GTI_SAL_02,Salary Multiple,10000000.0,7500000.0,2500000.0,0.0008930357345489758,8930.357345489758,91076.80162958016,OK,P09-C01
E07761,GTI_SAL_02,Salary Multiple,10000000.0,7500000.0,2500000.0,0.001661202597400518,16612.02597400518,169418.77416182266,OK,P09-C01
E07760,GTI_GRADE_03,Grade Based,7500000.0,5000000.0,2500000.0,0.002297225408463935,17229.19056347951,92289.95250465721,OK,P09-C01
E07714,GTI_GRADE_03,Grade Based,7500000.0,5000000.0,2500000.0,0.0017414354098188487,13060.765573641365,69961.35018790995,OK,P09-C01
E07676,GTI_SAL_02,Salary Multiple,10000000.0,7500000.0,2500000.0,0.0007409093835305753,7409.093835305754,75562.1016480254,OK,P09-C01
E07669,GTI_SAL_02,Salary Multiple,10000000.0,7500000.0,2500000.0,0.0008194974360352016,8194.974360352016,83576.95278053218,OK,P09-C01
E07637,GTI_SAL_02,Salary Multiple,10000000.0,7500000.0,2500000.0,0.0006675070377180044,6675.0703771800445,68076.11801928101,OK,P09-C01
E07635,GTI_SAL_02,Salary Multiple,10000000.0,7500000.0,2500000.0,0.0010336095932294484,10336.095932294484,105413.31353614139,OK,P09-C01
E07616,GTI_GRADE_03,Grade Based,7500000.0,5000000.0,2500000.0,0.0005637347795970855,4228.010846978142,22647.780162342406,OK,P09-C01
E07613,GTI_GRADE_03,Grade Based,7500000.0,5000000.0,2500000.0,0.0012179653560464728,9134.740170348547,48931.18648596542,OK,P09-C01
E07572,GTI_GRADE_03,Grade Based,7500000.0,5000000.0,2500000.0,0.0006799897358611033,5099.923018958274,27318.268462056694,OK,P09-C01
E04351,GTI_GRADE_03,Grade Based,7500000.0,5000000.0,2500000.0,0.000771817335395091,5788.630015463183,31007.399170947454,OK,P09-C01
E09949,GTI_GRADE_03,Grade Based,7500000.0,5000000.0,2500000.0,0.0007947922321377151,5960.941741032863,31930.40486353814,OK,P09-C01
E02543,GTI_SAL_02,Salary Multiple,10000000.0,7500000.0,2500000.0,0.0022078846303940722,22078.84630394072,225172.47935768001,OK,P09-C01
E01379,GTI_SAL_02,Salary Multiple,10000000.0,7500000.0,2500000.0,0.0016935611050909458,16935.611050909458,172718.8765787083,OK,P09-C01
E03172,GTI_SAL_02,Salary Multiple,10000000.0,7500000.0,2500000.0,0.0007815963905578209,7815.963905578208,79711.59122001134,OK,P09-C01
E03157,GTI_SAL_02,Salary Multiple,10000000.0,7500000.0,2500000.0,0.0007130082208872091,7130.0822088720915,72716.58432212812,OK,P09-C01
E01315,GTI_SAL_02,Salary Multiple,10000000.0,7500000.0,2500000.0,0.0006978454005606135,6978.454005606135,71170.19471463075,OK,P09-C01
E03146,GTI_SAL_02,Salary Multiple,10000000.0,7500000.0,2500000.0,0.001522662452955731,15226.62452955731,155289.67185921004,OK,P09-C01
E01327,GTI_GRADE_03,Grade Based,7500000.0,5000000.0,2500000.0,0.0006986253095964064,5239.689821973047,28066.943889636168,OK,P09-C01
E03092,GTI_SAL_02,Salary Multiple,10000000.0,7500000.0,2500000.0,0.001997766617631724,19977.66617631724,203743.4638918846,OK,P09-C01
E03058,GTI_SAL_02,Salary Multiple,10000000.0,7500000.0,2500000.0,0.0007312595596487916,7312.595596487916,74577.95839211697,OK,P09-C01
E03176,GTI_SAL_02,Salary Multiple,10000000.0,7500000.0,2500000.0,0.0010408160975752619,10408.160975752618,106148.27333825709,OK,P09-C01
E01494,GTI_GRADE_03,Grade Based,7500000.0,5000000.0,2500000.0,0.000719066404198875,5392.998031491562,28888.155270571773,OK,P09-C01
E03055,GTI_SAL_02,Salary Multiple,10000000.0,7500000.0,2500000.0,0.0011835150825243123,11835.150825243123,120701.51756146947,OK,P09-C01
E01498,GTI_SAL_02,Salary Multiple,10000000.0,7500000.0,2500000.0,0.0007090087532375956,7090.087532375956,72308.69614066386,OK,P09-C01
E01511,GTI_SAL_02,Salary Multiple,10000000.0,7500000.0,2500000.0,0.0014557730159186293,14557.730159186292,148467.91125942935,OK,P09-C01
E01609,GTI_SAL_02,Salary Multiple,10000000.0,7500000.0,2500000.0,0.0007701787570048275,7701.787570048275,78547.15680159425,OK,P09-C01
E01650,GTI_SAL_02,Salary Multiple,10000000.0,7500000.0,2500000.0,0.0015051879632347364,15051.879632347363,153507.5252190188,OK,P09-C01
E01291,GTI_SAL_02,Salary Multiple,10000000.0,7500000.0,2500000.0,0.0026863577038935553,26863.577038935553,273969.8516400072,OK,P09-C01
E03197,GTI_GRADE_03,Grade Based,7500000.0,5000000.0,2500000.0,0.0006838874808845275,5129.156106633956,27474.858538834415,OK,P09-C01
E01663,GTI_GRADE_03,Grade Based,7500000.0,5000000.0,2500000.0,0.0015790161728728182,11842.621296546136,63436.23358056107,OK,P09-C01
E02493,GTI_SAL_02,Salary Multiple,10000000.0,7500000.0,2500000.0,0.0009752998292784907,9752.998292784907,99466.55620160858,OK,P09-C01
E01139,GTI_GRADE_03,Grade Based,7500000.0,5000000.0,2500000.0,0.001477907334446039,11084.305008345293,59374.23345561556,OK,P09-C01
E02607,GTI_GRADE_03,Grade Based,7500000.0,5000000.0,2500000.0,0.0013758979675180456,10319.234756385342,55276.05502082725,OK,P09-C01
E03415,GTI_GRADE_03,Grade Based,7500000.0,5000000.0,2500000.0,0.001533050578010637,11497.879335079777,61589.58738247832,OK,P09-C01
E03406,GTI_SAL_02,Salary Multiple,10000000.0,7500000.0,2500000.0,0.0009420573579914981,9420.57357991498,96076.30221069575,OK,P09-C01
E03404,GTI_SAL_02,Salary Multiple,10000000.0,7500000.0,2500000.0,0.001861643185453999,18616.43185453999,189860.83148429156,OK,P09-C01
E01168,GTI_SAL_02,Salary Multiple,10000000.0,7500000.0,2500000.0,0.0022057920153274457,22057.920153274456,224959.0627160643,OK,P09-C01
E01179,GTI_SAL_02,Salary Multiple,10000000.0,7500000.0,2500000.0,0.000770625175938423,7706.25175938423,78592.68511259662,OK,P09-C01
E03209,GTI_SAL_02,Salary Multiple,10000000.0,7500000.0,2500000.0,0.0014649761924927856,14649.761924927856,149406.50291346858,OK,P09-C01
E01207,GTI_GRADE_03,Grade Based,7500000.0,5000000.0,2500000.0,0.0012577517162685266,9433.13787201395,50529.584832813656,OK,P09-C01
E03300,GTI_GRADE_03,Grade Based,7500000.0,5000000.0,2500000.0,0.001393819916660169,10453.649374951267,55996.06091533955,OK,P09-C01
E01268,GTI_GRADE_03,Grade Based,7500000.0,5000000.0,2500000.0,0.0006994064400589067,5245.5483004418,28098.325439317134,OK,P09-C01
E03260,GTI_GRADE_03,Grade Based,7500000.0,5000000.0,2500000.0,0.0011789084969321213,8841.81372699091,47362.095503703116,OK,P09-C01
E01286,GTI_GRADE_03,Grade Based,7500000.0,5000000.0,2500000.0,0.000994545028588419,7459.087714413143,39955.379700219404,OK,P09-C01
E03210,GTI_GRADE_03,Grade Based,7500000.0,5000000.0,2500000.0,0.0012666166129524927,9499.624597143695,50885.72789605315,OK,P09-C01
E03043,GTI_SAL_02,Salary Multiple,10000000.0,7500000.0,2500000.0,0.0028696984744106474,28696.984744106474,292667.9734967243,OK,P09-C01
E01670,GTI_GRADE_03,Grade Based,7500000.0,5000000.0,2500000.0,0.0012161085299741876,9120.813974806408,48856.58937007543,OK,P09-C01
E03447,GTI_SAL_02,Salary Multiple,10000000.0,7500000.0,2500000.0,0.0015622178464651958,15622.178464651957,159323.75312681013,OK,P09-C01
E02272,GTI_GRADE_03,Grade Based,7500000.0,5000000.0,2500000.0,0.0005001038693135196,3750.779019851397,20091.43820901832,OK,P09-C01
E02173,GTI_SAL_02,Salary Multiple,10000000.0,7500000.0,2500000.0,0.0019211715100794949,19211.715100794947,195931.86448275906,OK,P09-C01
E02177,GTI_SAL_02,Salary Multiple,10000000.0,7500000.0,2500000.0,0.0008912302219667486,8912.302219667486,90892.66531237641,OK,P09-C01
E02723,GTI_GRADE_03,Grade Based,7500000.0,5000000.0,2500000.0,0.0008660936187647714,6495.702140735785,34794.904603564646,OK,P09-C01
E02181,GTI_SAL_02,Salary Multiple,10000000.0,7500000.0,2500000.0,0.001025387640181315,10253.876401813151,104574.79257017943,OK,P09-C01
E02217,GTI_GRADE_03,Grade Based,7500000.0,5000000.0,2500000.0,0.002814616363408296,21109.622725562218,113075.8912646167,OK,P09-C01
E02714,GTI_SAL_02,Salary Multiple,10000000.0,7500000.0,2500000.0,0.0011276996191143176,11276.996191143176,115009.14301004956,OK,P09-C01
E02350,GTI_GRADE_03,Grade Based,7500000.0,5000000.0,2500000.0,0.0030272228501120116,22704.171375840087,121617.25707389883,OK,P09-C01
E02028,GTI_SAL_02,Salary Multiple,10000000.0,7500000.0,2500000.0,0.0007219179811403178,7219.179811403178,73625.25173122046,OK,P09-C01
E02367,GTI_GRADE_03,Grade Based,7500000.0,5000000.0,2500000.0,0.0007080800382666231,5310.600286999673,28446.783176065695,OK,P09-C01
E02694,GTI_GRADE_03,Grade Based,7500000.0,5000000.0,2500000.0,0.0007737599072629985,5803.199304472489,31085.44108392888,OK,P09-C01
E02402,GTI_SAL_02,Salary Multiple,10000000.0,7500000.0,2500000.0,0.0007910798510110821,7910.798510110822,80678.76779878495,OK,P09-C01
E02679,GTI_SAL_02,Salary Multiple,10000000.0,7500000.0,2500000.0,0.0008600396483610043,8600.396483610042,87711.67537535231,OK,P09-C01
E02630,GTI_SAL_02,Salary Multiple,10000000.0,7500000.0,2500000.0,0.0028296497982224704,28296.497982224704,288583.5844900962,OK,P09-C01
E02407,GTI_GRADE_03,Grade Based,7500000.0,5000000.0,2500000.0,0.000636049045242293,4770.367839317197,25552.97184149413,OK,P09-C01
E02110,GTI_GRADE_03,Grade Based,7500000.0,5000000.0,2500000.0,0.0009740873535215004,7305.6551514112525,39133.50220690712,OK,P09-C01
E02025,GTI_SAL_02,Salary Multiple,10000000.0,7500000.0,2500000.0,0.0005590204528015585,5590.204528015585,57012.046569893915,OK,P09-C01
E03030,GTI_GRADE_03,Grade Based,7500000.0,5000000.0,2500000.0,0.001130850585023298,8481.379387674735,45431.391450371244,OK,P09-C01
E02927,GTI_GRADE_03,Grade Based,7500000.0,5000000.0,2500000.0,0.0004878330818001737,3658.7481135013027,19598.465080378464,OK,P09-C01
E03020,GTI_SAL_02,Salary Multiple,10000000.0,7500000.0,2500000.0,0.0009254063903901627,9254.063903901628,94378.14298313326,OK,P09-C01
E01708,GTI_SAL_02,Salary Multiple,10000000.0,7500000.0,2500000.0,0.002496958414350267,24969.584143502667,254653.84797389474,OK,P09-C01
E01794,GTI_SAL_02,Salary Multiple,10000000.0,7500000.0,2500000.0,0.003710642031623343,37106.42031623343,378432.1222075437,OK,P09-C01
E02433,GTI_GRADE_03,Grade Based,7500000.0,5000000.0,2500000.0,0.0008149888392772553,6112.416294579415,32741.794075409056,OK,P09-C01
E02968,GTI_SAL_02,Salary Multiple,10000000.0,7500000.0,2500000.0,0.0011743234766904871,11743.23476690487,119764.10595653813,OK,P09-C01
E02949,GTI_GRADE_03,Grade Based,7500000.0,5000000.0,2500000.0,0.001087231251877751,8154.234389083133,43679.005215457044,OK,P09-C01
E02900,GTI_GRADE_03,Grade Based,7500000.0,5000000.0,2500000.0,0.0007170391044494843,5377.793283371132,28806.70945472165,OK,P09-C01
E02795,GTI_SAL_02,Salary Multiple,10000000.0,7500000.0,2500000.0,0.0007566567984804031,7566.567984804031,77168.11149967877,OK,P09-C01
E01925,GTI_SAL_02,Salary Multiple,10000000.0,7500000.0,2500000.0,0.0015865885649349002,15865.885649349002,161809.21592047607,OK,P09-C01
E01998,GTI_GRADE_03,Grade Based,7500000.0,5000000.0,2500000.0,0.0018058459765710948,13543.844824283211,72549.01447390515,OK,P09-C01
E02016,GTI_GRADE_03,Grade Based,7500000.0,5000000.0,2500000.0,0.0013869900243950932,10402.4251829632,55721.67319943089,OK,P09-C01
E02851,GTI_SAL_02,Salary Multiple,10000000.0,7500000.0,2500000.0,0.0008538700856128349,8538.70085612835,87082.46870330347,OK,P09-C01
E02813,GTI_GRADE_03,Grade Based,7500000.0,5000000.0,2500000.0,0.0036896717706349632,27672.538279762226,148230.83151311977,OK,P09-C01
E02806,GTI_SAL_02,Salary Multiple,10000000.0,7500000.0,2500000.0,0.0009318687375896847,9318.687375896847,95037.20945850738,OK,P09-C01
E03445,GTI_SAL_02,Salary Multiple,10000000.0,7500000.0,2500000.0,0.0008970244737908088,8970.244737908088,91483.59566774263,OK,P09-C01
E01157,GTI_GRADE_03,Grade Based,7500000.0,5000000.0,2500000.0,0.0009318687375896847,6989.015531922635,37437.38912858062,OK,P09-C01
E01127,GTI_GRADE_03,Grade Based,7500000.0,5000000.0,2500000.0,0.0011393872257636042,8545.404193227032,45774.34698515221,OK,P09-C01
E00573,GTI_SAL_02,Salary Multiple,10000000.0,7500000.0,2500000.0,0.0012405135715907727,12405.135715907727,126514.54371603162,OK,P09-C01
E00411,GTI_GRADE_03,Grade Based,7500000.0,5000000.0,2500000.0,0.000804806265417855,6036.046990633913,32332.713950142814,OK,P09-C01
E04053,GTI_GRADE_03,Grade Based,7500000.0,5000000.0,2500000.0,0.001111866110688102,8338.995830160764,44668.699104959356,OK,P09-C01
E02555,GTI_SAL_02,Salary Multiple,10000000.0,7500000.0,2500000.0,0.002029922250843609,20299.222508436087,207022.8760296211,OK,P09-C01
E00482,GTI_SAL_02,Salary Multiple,10000000.0,7500000.0,2500000.0,0.0007961903764448665,7961.903764448665,81199.96789543144,OK,P09-C01
E02491,GTI_GRADE_03,Grade Based,7500000.0,5000000.0,2500000.0,0.0017862867848051983,13397.150886038988,71763.23312547793,OK,P09-C01
E04003,GTI_GRADE_03,Grade Based,7500000.0,5000000.0,2500000.0,0.0010070781321875534,7553.0859914066505,40458.89125447889,OK,P09-C01
E03999,GTI_GRADE_03,Grade Based,7500000.0,5000000.0,2500000.0,0.002416382589445646,18122.869420842344,97077.03632014757,OK,P09-C01
E00377,GTI_GRADE_03,Grade Based,7500000.0,5000000.0,2500000.0,0.0015686269510480665,11764.702132860499,63018.85147028405,OK,P09-C01
E00581,GTI_GRADE_03,Grade Based,7500000.0,5000000.0,2500000.0,0.0019324268592877077,14493.201444657809,77634.3420220299,OK,P09-C01
E00584,GTI_SAL_02,Salary Multiple,10000000.0,7500000.0,2500000.0,0.0008291061519636895,8291.061519636894,84556.9036164031,OK,P09-C01
E03969,GTI_SAL_02,Salary Multiple,10000000.0,7500000.0,2500000.0,0.0009742893011104271,9742.893011104272,99363.49686149124,OK,P09-C01
E03967,GTI_SAL_02,Salary Multiple,10000000.0,7500000.0,2500000.0,0.0009523877607245877,9523.877607245877,97129.85472161564,OK,P09-C01
E03963,GTI_GRADE_03,Grade Based,7500000.0,5000000.0,2500000.0,0.0008496196165647583,6372.1471242356865,34133.0692978088,OK,P09-C01
E03468,GTI_GRADE_03,Grade Based,7500000.0,5000000.0,2500000.0,0.0004314821795150509,3236.116346362882,17334.594031274053,OK,P09-C01
E00390,GTI_GRADE_03,Grade Based,7500000.0,5000000.0,2500000.0,0.0009650539966747008,7237.904975060256,38770.59133569827,OK,P09-C01
E04055,GTI_GRADE_03,Grade Based,7500000.0,5000000.0,2500000.0,0.001132308482697719,8492.313620232893,45489.96180512757,OK,P09-C01
E00615,GTI_SAL_02,Salary Multiple,10000000.0,7500000.0,2500000.0,0.0012549965664409182,12549.965664409183,127991.60090191806,OK,P09-C01
E00220,GTI_SAL_02,Salary Multiple,10000000.0,7500000.0,2500000.0,0.0014515228876233193,14515.228876233192,148034.4592970085,OK,P09-C01
E04256,GTI_SAL_02,Salary Multiple,10000000.0,7500000.0,2500000.0,0.0009246498740495304,9246.498740495304,94300.98919631407,OK,P09-C01
E00045,GTI_GRADE_03,Grade Based,7500000.0,5000000.0,2500000.0,0.000799778356544792,5998.337674085939,32130.72007118645,OK,P09-C01
E00137,GTI_GRADE_03,Grade Based,7500000.0,5000000.0,2500000.0,0.0013953776341698652,10465.332256273989,56058.64148512423,OK,P09-C01
E00204,GTI_SAL_02,Salary Multiple,10000000.0,7500000.0,2500000.0,0.0017800947366356091,17800.947366356093,181544.06250305526,OK,P09-C01
E04240,GTI_GRADE_03,Grade Based,7500000.0,5000000.0,2500000.0,0.001480576160421062,11104.321203157964,59481.45228645844,OK,P09-C01
E04223,GTI_SAL_02,Salary Multiple,10000000.0,7500000.0,2500000.0,0.0011554491293892073,11554.491293892073,117839.19397536793,OK,P09-C01
E04212,GTI_GRADE_03,Grade Based,7500000.0,5000000.0,2500000.0,0.0007107380144448481,5330.535108336361,28553.56612141494,OK,P09-C01
E00362,GTI_SAL_02,Salary Multiple,10000000.0,7500000.0,2500000.0,0.0008196590670221243,8196.590670221243,83593.43681668398,OK,P09-C01
E00246,GTI_SAL_02,Salary Multiple,10000000.0,7500000.0,2500000.0,0.002531946278436027,25319.462784360272,258222.10692871799,OK,P09-C01
E00331,GTI_SAL_02,Salary Multiple,10000000.0,7500000.0,2500000.0,0.0014221717878668545,14221.717878668545,145041.06923800975,OK,P09-C01
E04070,GTI_SAL_02,Salary Multiple,10000000.0,7500000.0,2500000.0,0.00225073248254869,22507.3248254869,229542.34405621933,OK,P09-C01
E04069,GTI_GRADE_03,Grade Based,7500000.0,5000000.0,2500000.0,0.0017681918426259943,13261.438819694957,71036.27731690103,OK,P09-C01
E04065,GTI_SAL_02,Salary Multiple,10000000.0,7500000.0,2500000.0,0.0018205677058802,18205.677058802,185671.723299419,OK,P09-C01
E04059,GTI_SAL_02,Salary Multiple,10000000.0,7500000.0,2500000.0,0.0011306078237118876,11306.078237118876,115305.7380543284,OK,P09-C01
E00611,GTI_GRADE_03,Grade Based,7500000.0,5000000.0,2500000.0,0.00098752948761859,7406.4711571394255,39673.533634737774,OK,P09-C01
E02415,GTI_GRADE_03,Grade Based,7500000.0,5000000.0,2500000.0,0.0005480445996596356,4110.334497447267,22017.43454807156,OK,P09-C01
E00820,GTI_SAL_02,Salary Multiple,10000000.0,7500000.0,2500000.0,0.0016343988762830756,16343.988762830757,166685.18008859016,OK,P09-C01
E00990,GTI_SAL_02,Salary Multiple,10000000.0,7500000.0,2500000.0,0.0007410505165875266,7410.505165875266,75576.49519011342,OK,P09-C01
E00977,GTI_SAL_02,Salary Multiple,10000000.0,7500000.0,2500000.0,0.0021700354252646797,21700.354252646797,221312.40476710614,OK,P09-C01
E01018,GTI_GRADE_03,Grade Based,7500000.0,5000000.0,2500000.0,0.0007767613692263945,5825.710269197959,31206.02340947071,OK,P09-C01
E03645,GTI_SAL_02,Salary Multiple,10000000.0,7500000.0,2500000.0,0.0007940169021030166,7940.169021030166,80978.30477062981,OK,P09-C01
E03706,GTI_GRADE_03,Grade Based,7500000.0,5000000.0,2500000.0,0.0017937492551671744,13453.119413753808,72063.03436950764,OK,P09-C01
E00849,GTI_GRADE_03,Grade Based,7500000.0,5000000.0,2500000.0,0.0010225935158110365,7669.451368582773,41082.214508882666,OK,P09-C01
E01040,GTI_GRADE_03,Grade Based,7500000.0,5000000.0,2500000.0,0.0014923179188284002,11192.384391213001,59953.17191908213,OK,P09-C01
E03743,GTI_SAL_02,Salary Multiple,10000000.0,7500000.0,2500000.0,0.0009180639066697541,9180.639066697542,93629.31524041163,OK,P09-C01
E01060,GTI_SAL_02,Salary Multiple,10000000.0,7500000.0,2500000.0,0.0021113522625183134,21113.522625183134,215327.56612551864,OK,P09-C01
E03756,GTI_GRADE_03,Grade Based,7500000.0,5000000.0,2500000.0,0.0013322606841364069,9991.95513102305,53522.947643603606,OK,P09-C01
E03610,GTI_GRADE_03,Grade Based,7500000.0,5000000.0,2500000.0,0.0010351330686645284,7763.498014983963,41585.98515890879,OK,P09-C01
E02457,GTI_GRADE_03,Grade Based,7500000.0,5000000.0,2500000.0,0.0010757352906402193,8068.014679801645,43217.16036875712,OK,P09-C01
E02465,GTI_GRADE_03,Grade Based,7500000.0,5000000.0,2500000.0,0.0010007870717822903,7505.903038367178,40206.150855619264,OK,P09-C01
E03781,GTI_SAL_02,Salary Multiple,10000000.0,7500000.0,2500000.0,0.0007327863258831774,7327.863258831773,74733.66659066305,OK,P09-C01
E01072,GTI_GRADE_03,Grade Based,7500000.0,5000000.0,2500000.0,0.0007471541904225857,5603.656428169393,30016.568898157646,OK,P09-C01
E03802,GTI_SAL_02,Salary Multiple,10000000.0,7500000.0,2500000.0,0.0012060875261929156,12060.875261929157,123003.58218751554,OK,P09-C01
E00801,GTI_SAL_02,Salary Multiple,10000000.0,7500000.0,2500000.0,0.0016310364976187264,16310.364976187264,166342.26582125557,OK,P09-C01
E03835,GTI_GRADE_03,Grade Based,7500000.0,5000000.0,2500000.0,0.0012116131763622797,9087.098822717098,48675.99064876318,OK,P09-C01
E03559,GTI_GRADE_03,Grade Based,7500000.0,5000000.0,2500000.0,0.001907761489856432,14308.211173923239,76643.42238265311,OK,P09-C01
E03558,GTI_GRADE_03,Grade Based,7500000.0,5000000.0,2500000.0,0.0005626923457300127,4220.192592975095,22605.90087103431,OK,P09-C01
E03844,GTI_SAL_02,Salary Multiple,10000000.0,7500000.0,2500000.0,0.0013643020477812993,13643.020477812992,139139.18800949497,OK,P09-C01
E03857,GTI_GRADE_03,Grade Based,7500000.0,5000000.0,2500000.0,0.0021424967747027696,16068.725810270773,86073.80227041579,OK,P09-C01
E02574,GTI_GRADE_03,Grade Based,7500000.0,5000000.0,2500000.0,0.0015292321657363877,11469.241243022907,61436.1844616612,OK,P09-C01
E00773,GTI_GRADE_03,Grade Based,7500000.0,5000000.0,2500000.0,0.0009541562036115039,7156.17152708628,38332.77761463181,OK,P09-C01
E00757,GTI_SAL_02,Salary Multiple,10000000.0,7500000.0,2500000.0,0.0014120148451350282,14120.148451350282,144005.20715258404,OK,P09-C01
E02483,GTI_GRADE_03,Grade Based,7500000.0,5000000.0,2500000.0,0.000994545028588419,7459.087714413143,39955.379700219404,OK,P09-C01
E00624,GTI_SAL_02,Salary Multiple,10000000.0,7500000.0,2500000.0,0.0012497815265455038,12497.815265455038,127459.74183327184,OK,P09-C01
E03504,GTI_GRADE_03,Grade Based,7500000.0,5000000.0,2500000.0,0.0013931973978241693,10448.98048368127,55971.05151330351,OK,P09-C01
E03635,GTI_SAL_02,Salary Multiple,10000000.0,7500000.0,2500000.0,0.0008250166050789455,8250.166050789456,84139.82864844026,OK,P09-C01
E03928,GTI_SAL_02,Salary Multiple,9993000.0,7500000.0,2493000.0,0.0031155030566780728,31133.22204538398,317514.0902675271,OK,P09-C01
E01702,GTI_SAL_02,Salary Multiple,9987000.0,7500000.0,2487000.0,0.0017210728247860707,17188.35430113849,175296.49424548066,OK,P09-C01
E04940,GTI_SAL_02,Salary Multiple,9978000.0,7500000.0,2478000.0,0.00042729238810596833,4263.523448521352,43481.80754045147,OK,P09-C01
E01901,GTI_SAL_02,Salary Multiple,9975000.0,7500000.0,2475000.0,0.0004153971757179418,4143.586827786469,42258.62649716321,OK,P09-C01
E04672,GTI_SAL_02,Salary Multiple,9942000.0,7500000.0,2442000.0,0.00046346647386539625,4607.78368316977,46992.76683211542,OK,P09-C01
E05220,GTI_SAL_02,Salary Multiple,9924000.0,7500000.0,2424000.0,0.0011649660097244577,11561.122680505518,117906.82458182142,OK,P09-C01
E02985,GTI_SAL_02,Salary Multiple,9888000.0,7500000.0,2388000.0,0.0006333272076588336,6262.339429330547,63866.85592489661,OK,P09-C01
E03033,GTI_SAL_02,Salary Multiple,9882000.0,7500000.0,2382000.0,0.0006897296208777242,6815.90811351367,69512.46038250066,OK,P09-C01
E07569,GTI_SAL_02,Salary Multiple,9852000.0,7500000.0,2352000.0,0.0005790426967580543,5704.728648460351,58180.02789427149,OK,P09-C01
E08144,GTI_SAL_02,Salary Multiple,9843000.0,7500000.0,2343000.0,0.0008255059441171556,8125.455007945163,82867.95536602517,OK,P09-C01
E01789,GTI_SAL_02,Salary Multiple,9843000.0,7500000.0,2343000.0,0.0031653022241767224,31156.069792571478,317747.1044300936,OK,P09-C01
E06692,GTI_SAL_02,Salary Multiple,9801000.0,7500000.0,2301000.0,0.002088075573306893,20465.22869398086,208715.90037850454,OK,P09-C01
E05611,GTI_SAL_02,Salary Multiple,9783000.0,7500000.0,2283000.0,0.002144523419744233,20979.87261535783,213964.52823557373,OK,P09-C01
E08735,GTI_SAL_02,Salary Multiple,9768000.0,7500000.0,2268000.0,0.0005108632645928619,4990.112368543075,50891.96957260027,OK,P09-C01
E07034,GTI_SAL_02,Salary Multiple,9747000.0,7500000.0,2247000.0,0.0006055417445350848,5902.215383983471,60194.108578825115,OK,P09-C01
E04214,GTI_SAL_02,Salary Multiple,9735000.0,7500000.0,2235000.0,0.0011561970391177935,11255.57817581172,114790.71005622968,OK,P09-C01
E09471,GTI_SAL_02,Salary Multiple,9696000.0,7500000.0,2196000.0,0.0008657461871014543,8394.275030135701,85609.53298581351,OK,P09-C01
E00671,GTI_SAL_02,Salary Multiple,9684000.0,7500000.0,2184000.0,0.0009838404799929702,9527.511208251924,97166.91222617295,OK,P09-C01
E03777,GTI_SAL_02,Salary Multiple,9678000.0,7500000.0,2178000.0,0.0026344191286453394,25495.908327029596,260021.59770679232,OK,P09-C01
E01843,GTI_SAL_02,Salary Multiple,9630000.0,7500000.0,2130000.0,0.0004957507147787934,4774.07938331978,48688.74381360362,OK,P09-C01
E00533,GTI_SAL_02,Salary Multiple,9621000.0,7500000.0,2121000.0,0.000700972372914764,6744.055199812944,68779.66399883371,OK,P09-C01
E01123,GTI_SAL_02,Salary Multiple,9618000.0,7500000.0,2118000.0,0.0008664412316756498,8333.4317662564,84989.0191966727,OK,P09-C01
E04296,GTI_SAL_02,Salary Multiple,9579000.0,7500000.0,2079000.0,0.0007866249480512875,7535.080377383283,76846.98318824587,OK,P09-C01
E00454,GTI_SAL_02,Salary Multiple,9573000.0,7500000.0,2073000.0,0.00043593380636870613,4173.194328367624,42560.58042272918,OK,P09-C01
E06903,GTI_SAL_02,Salary Multiple,9567000.0,7500000.0,2067000.0,0.0036096974051485118,34533.97507505581,352196.8803387489,OK,P09-C01
E07990,GTI_SAL_02,Salary Multiple,9564000.0,7500000.0,2064000.0,0.001843546195389146,17631.675812701793,179817.7360955807,OK,P09-C01
E00018,GTI_SAL_02,Salary Multiple,9555000.0,7500000.0,2055000.0,0.0017817435841380816,17024.55994643937,173626.02739025332,OK,P09-C01
E02720,GTI_SAL_02,Salary Multiple,9552000.0,7500000.0,2052000.0,0.0007106047860931472,6787.696916761742,69224.74674788264,OK,P09-C01
E09616,GTI_SAL_02,Salary Multiple,9543000.0,7500000.0,2043000.0,0.0014876083595474951,14196.246575161746,144781.29857408357,OK,P09-C01
E09562,GTI_SAL_02,Salary Multiple,9519000.0,7500000.0,2019000.0,0.0015916598964691633,15151.010554489965,154518.51805861655,OK,P09-C01
E07494,GTI_SAL_02,Salary Multiple,9501000.0,7500000.0,2001000.0,0.000508680966389611,4832.977861667694,49289.42358723958,OK,P09-C01
E05335,GTI_SAL_02,Salary Multiple,9483000.0,7500000.0,1983000.0,0.0005137970086253062,4872.337032793778,49690.830527888545,OK,P09-C01
E07406,GTI_SAL_02,Salary Multiple,9483000.0,7500000.0,1983000.0,0.0011917581311545616,11301.442357738708,115258.45875179302,OK,P09-C01
E07614,GTI_SAL_02,Salary Multiple,9483000.0,7500000.0,1983000.0,0.0004997908163432451,4739.516311382994,48336.25018712119,OK,P09-C01
E09631,GTI_SAL_02,Salary Multiple,9459000.0,7500000.0,1959000.0,0.0005839196911232642,5523.2963583349565,56329.67946389243,OK,P09-C01
E03612,GTI_SAL_02,Salary Multiple,9444000.0,7500000.0,1944000.0,0.0010375327262757534,9798.459066948215,99930.19071814782,OK,P09-C01
E09090,GTI_SAL_02,Salary Multiple,9420000.0,7500000.0,1920000.0,0.001959281907610135,18456.43556968747,188229.0994792624,OK,P09-C01
E08084,GTI_SAL_02,Salary Multiple,9414000.0,7500000.0,1914000.0,0.0005217563645405386,4911.81441578463,50093.44305955042,OK,P09-C01
E09292,GTI_SAL_02,Salary Multiple,9399000.0,7500000.0,1899000.0,0.003591095416564863,33752.70582029315,344229.05753138446,OK,P09-C01
E02230,GTI_SAL_02,Salary Multiple,9399000.0,7500000.0,1899000.0,0.0008232256337266926,7737.497731397183,78911.34909038071,OK,P09-C01
E07228,GTI_SAL_02,Salary Multiple,9390000.0,7500000.0,1890000.0,0.0008720277651724328,8188.340714969145,83509.29913787902,OK,P09-C01
E02083,GTI_SAL_02,Salary Multiple,9357000.0,7500000.0,1857000.0,0.0005090839368926316,4763.498397504354,48580.83297545069,OK,P09-C01
E02312,GTI_SAL_02,Salary Multiple,9357000.0,7500000.0,1857000.0,0.0005009664512297,4687.543084156303,47806.198015293485,OK,P09-C01
E01004,GTI_SAL_02,Salary Multiple,9333000.0,7500000.0,1833000.0,0.0010401583956421042,9707.798306527759,99005.5813466571,OK,P09-C01
E04625,GTI_SAL_02,Salary Multiple,9321000.0,7500000.0,1821000.0,0.0008161129039514402,7606.988377731374,77580.34137649243,OK,P09-C01
E00590,GTI_SAL_02,Salary Multiple,9285000.0,7500000.0,1785000.0,0.001173307501776334,10894.160153993262,111104.76601109699,OK,P09-C01
E04002,GTI_SAL_02,Salary Multiple,9270000.0,7500000.0,1770000.0,0.0008737831387685919,8099.969696384847,82608.041840099,OK,P09-C01
E06352,GTI_SAL_02,Salary Multiple,9258000.0,7500000.0,1758000.0,0.0008368670537762181,7747.715183860228,79015.55241115893,OK,P09-C01
E02471,GTI_SAL_02,Salary Multiple,9240000.0,7500000.0,1740000.0,0.0009041519029122068,8354.36358290879,85202.49362319824,OK,P09-C01
E00865,GTI_SAL_02,Salary Multiple,9234000.0,7500000.0,1734000.0,0.0011750861534230498,10850.745540708442,110661.99939280894,OK,P09-C01
E07988,GTI_SAL_02,Salary Multiple,9201000.0,7500000.0,1701000.0,0.0008869161526528037,8160.515520558447,83225.52217200794,OK,P09-C01
E04771,GTI_SAL_02,Salary Multiple,9159000.0,7500000.0,1659000.0,0.0010436720914079713,9558.992685205609,97487.9780156584,OK,P09-C01
E00026,GTI_SAL_02,Salary Multiple,9144000.0,7500000.0,1644000.0,0.0007648488845497336,6993.778200322764,71326.47946207643,OK,P09-C01
E01000,GTI_SAL_02,Salary Multiple,9132000.0,7500000.0,1632000.0,0.001017459948061184,9291.444245694733,94759.36871046164,OK,P09-C01
E08800,GTI_SAL_02,Salary Multiple,9090000.0,7500000.0,1590000.0,0.0012481400307017799,11345.592879079179,115708.73057389424,OK,P09-C01
E07873,GTI_SAL_02,Salary Multiple,9078000.0,7500000.0,1578000.0,0.00046846299492584207,4252.707067936794,43371.49601418905,OK,P09-C01
E00225,GTI_SAL_02,Salary Multiple,9075000.0,7500000.0,1575000.0,0.0010414743141486647,9451.379400899132,96390.47728099424,OK,P09-C01
E05900,GTI_SAL_02,Salary Multiple,9060000.0,7500000.0,1560000.0,0.0026947959796285548,24414.851575434706,248996.3735745181,OK,P09-C01
E01128,GTI_SAL_02,Salary Multiple,9045000.0,7500000.0,1545000.0,0.0005143706652197055,4652.482666912236,47448.632181939574,OK,P09-C01
E08759,GTI_SAL_02,Salary Multiple,9030000.0,7500000.0,1530000.0,0.0016291719138685377,14711.422382232895,150035.35090029595,OK,P09-C01
E07720,GTI_SAL_02,Salary Multiple,9015000.0,7500000.0,1515000.0,0.00033689416760908505,3037.1009209959016,30974.06155312021,OK,P09-C01
E07810,GTI_SAL_02,Salary Multiple,8988000.0,7500000.0,1488000.0,0.0011211893286328949,10077.249685752458,102773.45408406964,OK,P09-C01
E08065,GTI_SAL_02,Salary Multiple,8985000.0,7500000.0,1485000.0,0.0004540156101309543,4079.330257026624,41603.301886726746,OK,P09-C01
E03466,GTI_SAL_02,Salary Multiple,8982000.0,7500000.0,1482000.0,0.0004538168451838708,4076.1829034415277,41571.203406560926,OK,P09-C01
E08262,GTI_SAL_02,Salary Multiple,8979000.0,7500000.0,1479000.0,0.002330839844783359,20928.61096630978,213441.73313780397,OK,P09-C01
E05703,GTI_SAL_02,Salary Multiple,8973000.0,7500000.0,1473000.0,0.0018273424786665973,16396.744061075377,167223.20826005648,OK,P09-C01
E05953,GTI_SAL_02,Salary Multiple,8958000.0,7500000.0,1458000.0,0.0012851356674684115,11512.24530918203,117408.3456878662,OK,P09-C01
E06611,GTI_SAL_02,Salary Multiple,8958000.0,7500000.0,1458000.0,0.0009508192917192966,8517.439215221459,86865.63054372251,OK,P09-C01
E03053,GTI_SAL_02,Salary Multiple,8955000.0,7500000.0,1455000.0,0.0005527068491733079,4949.489834346972,50477.678145557,OK,P09-C01
E00587,GTI_SAL_02,Salary Multiple,8952000.0,7500000.0,1452000.0,0.0004660224074054972,4171.832591094011,42546.69266093619,OK,P09-C01
E01014,GTI_SAL_02,Salary Multiple,8922000.0,7500000.0,1422000.0,0.0010984092588490536,9800.007407451256,99945.98156451543,OK,P09-C01
E05819,GTI_SAL_02,Salary Multiple,8913000.0,7500000.0,1413000.0,0.0028537447351602544,25435.426824483347,259404.77336297752,OK,P09-C01
E03393,GTI_SAL_02,Salary Multiple,8901000.0,7500000.0,1401000.0,0.0004435018363694442,3947.609845524423,40259.9431246038,OK,P09-C01
E00723,GTI_SAL_02,Salary Multiple,8898000.0,7500000.0,1398000.0,0.0004651215640677479,4138.65167707482,42208.29505744721,OK,P09-C01
E06545,GTI_SAL_02,Salary Multiple,8892000.0,7500000.0,1392000.0,0.0008230630727617082,7318.676842997109,74639.9783606973,OK,P09-C01
E04041,GTI_SAL_02,Salary Multiple,8880000.0,7500000.0,1380000.0,0.000540677260942271,4801.214077167367,48965.47866678215,OK,P09-C01
E09790,GTI_SAL_02,Salary Multiple,8868000.0,7500000.0,1368000.0,0.0008157915332040685,7234.43931645368,73780.87673710582,OK,P09-C01
E05568,GTI_SAL_02,Salary Multiple,8862000.0,7500000.0,1362000.0,0.0009107957142726985,8071.4716198846545,82317.40244462807,OK,P09-C01
E05964,GTI_SAL_02,Salary Multiple,8847000.0,7500000.0,1347000.0,0.0008191743004858779,7247.2350363985615,73911.37467823425,OK,P09-C01
E07800,GTI_SAL_02,Salary Multiple,8835000.0,7500000.0,1335000.0,0.0008386972128605427,7409.889875622895,75570.22011442586,OK,P09-C01
E04970,GTI_SAL_02,Salary Multiple,8802000.0,7500000.0,1302000.0,0.0024678086331935143,21721.651589369314,221529.60697267015,OK,P09-C01
E00447,GTI_SAL_02,Salary Multiple,8796000.0,7500000.0,1296000.0,0.0007918513487764043,6965.124463837253,71034.25255861941,OK,P09-C01
E01668,GTI_SAL_02,Salary Multiple,8784000.0,7500000.0,1284000.0,0.0006421204720597968,5640.386226573255,57523.827725804826,OK,P09-C01
E00338,GTI_SAL_02,Salary Multiple,8784000.0,7500000.0,1284000.0,0.0008660936187647714,7607.766347229752,77588.27554653025,OK,P09-C01
E03833,GTI_SAL_02,Salary Multiple,8775000.0,7500000.0,1275000.0,0.0005596767628465323,4911.163593978321,50086.805613112796,OK,P09-C01
E06110,GTI_SAL_02,Salary Multiple,8769000.0,7500000.0,1269000.0,0.0006407384497884776,5618.63546619516,57302.00125105029,OK,P09-C01
E02273,GTI_SAL_02,Salary Multiple,8766000.0,7500000.0,1266000.0,0.0008872746281126461,7777.849390035455,79322.87797629685,OK,P09-C01
E08810,GTI_SAL_02,Salary Multiple,8763000.0,7500000.0,1263000.0,0.0007737599072629985,6780.458067345656,69150.92089447174,OK,P09-C01
E07284,GTI_SAL_02,Salary Multiple,8742000.0,7500000.0,1242000.0,0.00046650874380973865,4078.2194383847354,41591.97313411588,OK,P09-C01
E01562,GTI_SAL_02,Salary Multiple,8736000.0,7500000.0,1236000.0,0.001906426242743749,16654.53965660939,169852.35258285212,OK,P09-C01
E07597,GTI_SAL_02,Salary Multiple,8733000.0,7500000.0,1233000.0,0.0006962892391363255,6080.693925377531,62014.3330201117,OK,P09-C01
E01864,GTI_SAL_02,Salary Multiple,8733000.0,7500000.0,1233000.0,0.0004466351866144288,3900.4650847038065,39779.13436600449,OK,P09-C01
E08510,GTI_SAL_02,Salary Multiple,8724000.0,7500000.0,1224000.0,0.0008425409158482156,7350.326949859833,74962.76393273794,OK,P09-C01
E03325,GTI_SAL_02,Salary Multiple,8721000.0,7500000.0,1221000.0,0.0018962239418307103,16536.968996705626,168653.30093740794,OK,P09-C01
E06922,GTI_SAL_02,Salary Multiple,8715000.0,7500000.0,1215000.0,0.0007012338385429793,6111.252902902064,62325.9906421228,OK,P09-C01
E00418,GTI_SAL_02,Salary Multiple,8688000.0,7500000.0,1188000.0,0.001897551212715079,16485.924936068604,168132.7249285034,OK,P09-C01
E01044,GTI_SAL_02,Salary Multiple,8673000.0,7500000.0,1173000.0,0.0009061753434492175,7859.258753735063,80153.13640623573,OK,P09-C01
E02699,GTI_SAL_02,Salary Multiple,8664000.0,7500000.0,1164000.0,0.0007393593468091233,6405.809380754245,65330.0430964851,OK,P09-C01
E05135,GTI_SAL_02,Salary Multiple,8664000.0,7500000.0,1164000.0,0.0030044766750927303,26030.785913003416,265476.5798434758,OK,P09-C01
E02250,GTI_SAL_02,Salary Multiple,8661000.0,7500000.0,1161000.0,0.0010456549961852237,9056.417921960223,92362.43821413515,OK,P09-C01
E01438,GTI_SAL_02,Salary Multiple,8658000.0,7500000.0,1158000.0,0.001335809779694473,11565.441072594747,117950.86597058713,OK,P09-C01
E02759,GTI_SAL_02,Salary Multiple,8655000.0,7500000.0,1155000.0,0.0036996853791393526,32020.776956451096,326565.87391327845,OK,P09-C01
E05551,GTI_SAL_02,Salary Multiple,8652000.0,7500000.0,1152000.0,0.0013540236563990109,11715.012675164242,119476.28120870414,OK,P09-C01
E06409,GTI_SAL_02,Salary Multiple,8634000.0,7500000.0,1134000.0,0.0006534520529867311,5641.905025487436,57539.317290451654,OK,P09-C01
E06027,GTI_SAL_02,Salary Multiple,8610000.0,7500000.0,1110000.0,0.000652152569119415,5615.0336201181635,57265.267601100604,OK,P09-C01
E04655,GTI_SAL_02,Salary Multiple,8604000.0,7500000.0,1104000.0,0.0007910798510110821,6806.451038099351,69416.01181407456,OK,P09-C01
E00764,GTI_SAL_02,Salary Multiple,8604000.0,7500000.0,1104000.0,0.0024689911550171604,21243.19989776765,216650.08780904452,OK,P09-C01
E05282,GTI_SAL_02,Salary Multiple,8601000.0,7500000.0,1101000.0,0.0025355959571917433,21808.660827806183,222416.9760714059,OK,P09-C01
E06070,GTI_SAL_02,Salary Multiple,8589000.0,7500000.0,1089000.0,0.0010163944921389998,8729.81229298187,89031.53051013505,OK,P09-C01
E06328,GTI_SAL_02,Salary Multiple,8574000.0,7500000.0,1074000.0,0.0008743106440758397,7496.33946230625,76451.8815701453,OK,P09-C01
E08086,GTI_SAL_02,Salary Multiple,8550000.0,7500000.0,1050000.0,0.000949058670513161,8114.451632887526,82755.73676506557,OK,P09-C01
E01131,GTI_SAL_02,Salary Multiple,8544000.0,7500000.0,1044000.0,0.0009161932153743547,7827.954832158486,79833.8814262435,OK,P09-C01
E06965,GTI_SAL_02,Salary Multiple,8514000.0,7500000.0,1014000.0,0.001195905513495481,10181.939541900527,103841.14005587932,OK,P09-C01
E06208,GTI_SAL_02,Salary Multiple,8514000.0,7500000.0,1014000.0,0.0026484177517338116,22548.628738261672,229963.5845648327,OK,P09-C01
E04941,GTI_SAL_02,Salary Multiple,8502000.0,7500000.0,1002000.0,0.0016321564144830753,13876.593835935106,141521.30034617393,OK,P09-C01
E06668,GTI_SAL_02,Salary Multiple,8496000.0,7500000.0,996000.0,0.00043550325364107365,3700.0356429345616,37735.04230982665,OK,P09-C01
E09049,GTI_SAL_02,Salary Multiple,8496000.0,7500000.0,996000.0,0.00047319759482316475,4020.2867656176077,41001.14318841971,OK,P09-C01
E08674,GTI_SAL_02,Salary Multiple,8487000.0,7500000.0,987000.0,0.0006585677784131368,5589.264735392292,57002.462036709716,OK,P09-C01
E03239,GTI_SAL_02,Salary Multiple,8475000.0,7500000.0,975000.0,0.0012549965664409182,10636.095900586783,108472.88176437556,OK,P09-C01
E01984,GTI_SAL_02,Salary Multiple,8466000.0,7500000.0,966000.0,0.00046664786026888563,3950.6407850363858,40290.854348645895,OK,P09-C01
E09042,GTI_SAL_02,Salary Multiple,8460000.0,7500000.0,960000.0,0.0009828188245637505,8314.64725580933,84797.44420526872,OK,P09-C01
E05244,GTI_SAL_02,Salary Multiple,8457000.0,7500000.0,957000.0,0.0028173433166392894,23826.27242881847,242993.71275078878,OK,P09-C01
E02189,GTI_SAL_02,Salary Multiple,8457000.0,7500000.0,957000.0,0.001132794955577941,9580.046939322647,97702.70112823852,OK,P09-C01
E02074,GTI_SAL_02,Salary Multiple,8451000.0,7500000.0,951000.0,0.0025077602339976237,21193.08173751392,216138.9546524555,OK,P09-C01
E09590,GTI_SAL_02,Salary Multiple,8436000.0,7500000.0,936000.0,0.000900670510733534,7598.056428548093,77489.2483404067,OK,P09-C01
E09746,GTI_SAL_02,Salary Multiple,8412000.0,7500000.0,912000.0,0.000565256396533967,4754.93680764373,48493.51707181961,OK,P09-C01
E01929,GTI_SAL_02,Salary Multiple,8379000.0,7500000.0,879000.0,0.0008869161526528037,7431.470443077842,75790.31086612918,OK,P09-C01
E09098,GTI_SAL_02,Salary Multiple,8376000.0,7500000.0,876000.0,0.0011695070174075302,9795.790777805474,99902.97800632205,OK,P09-C01
E01254,GTI_SAL_02,Salary Multiple,8367000.0,7500000.0,867000.0,0.0006915216206446398,5785.961399933702,59008.485133499424,OK,P09-C01
E07802,GTI_SAL_02,Salary Multiple,8367000.0,7500000.0,867000.0,0.0007578197841434521,6340.678133928263,64665.79804809932,OK,P09-C01
E00540,GTI_SAL_02,Salary Multiple,8355000.0,7500000.0,855000.0,0.002257693857766631,18863.032181640203,192375.80016966432,OK,P09-C01
E07677,GTI_SAL_02,Salary Multiple,8346000.0,7500000.0,846000.0,0.000919939482299599,7677.814919272453,78302.6702402197,OK,P09-C01
E00165,GTI_SAL_02,Salary Multiple,8328000.0,7500000.0,828000.0,0.001766557110518021,14711.887616394079,150040.09561965824,OK,P09-C01
E08629,GTI_SAL_02,Salary Multiple,8328000.0,7500000.0,828000.0,0.0010458756062931359,8710.052049209235,88830.00444207226,OK,P09-C01
E04022,GTI_SAL_02,Salary Multiple,8319000.0,7500000.0,819000.0,0.000859179297222655,7147.512573595267,72894.34897462836,OK,P09-C01
E06304,GTI_SAL_02,Salary Multiple,8286000.0,7500000.0,786000.0,0.002698700209373506,22361.42993486887,228054.42599230236,OK,P09-C01
E00263,GTI_SAL_02,Salary Multiple,8283000.0,7500000.0,783000.0,0.0012198255734638588,10103.815225001143,103044.3843788755,OK,P09-C01
E02916,GTI_SAL_02,Salary Multiple,8274000.0,7500000.0,774000.0,0.0014603662094859872,12083.070017287058,123229.9367725277,OK,P09-C01
E03898,GTI_SAL_02,Salary Multiple,8238000.0,7500000.0,738000.0,0.0009781363269808982,8057.887061668639,82178.85948761075,OK,P09-C01
E04644,GTI_SAL_02,Salary Multiple,8226000.0,7500000.0,726000.0,0.0016172959316377692,13303.87633365229,135680.40548304233,OK,P09-C01
E00742,GTI_SAL_02,Salary Multiple,8220000.0,7500000.0,720000.0,0.0012334815290748907,10139.218168995601,103405.44349247469,OK,P09-C01
E06921,GTI_SAL_02,Salary Multiple,8220000.0,7500000.0,720000.0,0.0011507259270070146,9458.96711999766,96467.86110343518,OK,P09-C01
E08955,GTI_SAL_02,Salary Multiple,8214000.0,7500000.0,714000.0,0.00044059655216475724,3619.060079481316,36909.20801852592,OK,P09-C01
E05636,GTI_SAL_02,Salary Multiple,8214000.0,7500000.0,714000.0,0.0005602402689262863,4601.813568960516,46931.880253168296,OK,P09-C01
E02775,GTI_SAL_02,Salary Multiple,8214000.0,7500000.0,714000.0,0.0008132265925297496,6679.843231039363,68124.7942645123,OK,P09-C01
E01253,GTI_SAL_02,Salary Multiple,8205000.0,7500000.0,705000.0,0.0004193677402301682,3440.9123085885303,35092.356960651,OK,P09-C01
E08042,GTI_SAL_02,Salary Multiple,8181000.0,7500000.0,681000.0,0.0005306069306509195,4340.8952996551725,44270.88914881368,OK,P09-C01
E02155,GTI_SAL_02,Salary Multiple,8169000.0,7500000.0,669000.0,0.0004431209061119662,3619.854682028652,36917.311821742114,OK,P09-C01
E05751,GTI_SAL_02,Salary Multiple,8163000.0,7500000.0,663000.0,0.0018448322811522096,15059.365911045486,153583.8744952633,OK,P09-C01
E09885,GTI_SAL_02,Salary Multiple,8139000.0,7500000.0,639000.0,0.0007890786585531607,6422.311201964175,65498.337940545585,OK,P09-C01
E08396,GTI_SAL_02,Salary Multiple,8124000.0,7500000.0,624000.0,0.0008347108961314552,6781.191320171942,69158.399018764,OK,P09-C01
E06426,GTI_SAL_02,Salary Multiple,8118000.0,7500000.0,618000.0,0.0007994655032305334,6490.06095522547,66189.28798873692,OK,P09-C01
E07734,GTI_SAL_02,Salary Multiple,8118000.0,7500000.0,618000.0,0.0005022255426551919,4077.0669552748477,41580.219463851645,OK,P09-C01
E06235,GTI_SAL_02,Salary Multiple,8115000.0,7500000.0,615000.0,0.0015250790897251398,12376.01681311951,126217.57278527116,OK,P09-C01
E07364,GTI_SAL_02,Salary Multiple,8115000.0,7500000.0,615000.0,0.0008268127213884615,6709.585234067365,68428.1199215999,OK,P09-C01
E09094,GTI_SAL_02,Salary Multiple,8112000.0,7500000.0,612000.0,0.000836036897214553,6781.931310204454,69165.9458528706,OK,P09-C01
E09776,GTI_SAL_02,Salary Multiple,8103000.0,7500000.0,603000.0,0.0009004877569271505,7296.6522943807,74415.35963966361,OK,P09-C01
E07246,GTI_SAL_02,Salary Multiple,8103000.0,7500000.0,603000.0,0.0007413328931495371,6007.020433190699,61262.96935417202,OK,P09-C01
E03018,GTI_SAL_02,Salary Multiple,8100000.0,7500000.0,600000.0,0.001824375040488646,14777.437827958032,150708.61350583244,OK,P09-C01
E06140,GTI_SAL_02,Salary Multiple,8094000.0,7500000.0,594000.0,0.0016121312475519361,13048.590317685372,133076.85526265082,OK,P09-C01
E04855,GTI_SAL_02,Salary Multiple,8073000.0,7500000.0,573000.0,0.0006896018711045858,5567.155905427321,56776.98376713086,OK,P09-C01
E00417,GTI_SAL_02,Salary Multiple,8073000.0,7500000.0,573000.0,0.002239005248185557,18075.489368602,184343.99609027803,OK,P09-C01
E03303,GTI_SAL_02,Salary Multiple,8064000.0,7500000.0,564000.0,0.0012549965664409182,10120.292311779565,103212.42696730672,OK,P09-C01
E00211,GTI_SAL_02,Salary Multiple,8049000.0,7500000.0,549000.0,0.0013126476301803817,10565.500775321892,107752.91301385147,OK,P09-C01
E06327,GTI_SAL_02,Salary Multiple,8037000.0,7500000.0,537000.0,0.000556686246982034,4474.087366994608,45629.256683997926,OK,P09-C01
E08082,GTI_SAL_02,Salary Multiple,8031000.0,7500000.0,531000.0,0.000612908581829439,4922.268820672225,50200.062954283254,OK,P09-C01
E04285,GTI_SAL_02,Salary Multiple,8025000.0,7500000.0,525000.0,0.001399124448874611,11227.973702218753,114509.18412526732,OK,P09-C01
E03988,GTI_SAL_02,Salary Multiple,8013000.0,7500000.0,513000.0,0.0026592899104079908,21308.89005209923,217320.03291018825,OK,P09-C01
E04094,GTI_SAL_02,Salary Multiple,7992000.0,7500000.0,492000.0,0.0034952990269785994,27934.429823612965,284891.00998467364,OK,P09-C01
E05941,GTI_SAL_02,Salary Multiple,7983000.0,7500000.0,483000.0,0.002213650574303627,17671.572534665855,180224.62528169222,OK,P09-C01
E04208,GTI_SAL_02,Salary Multiple,7953000.0,7500000.0,453000.0,0.0012632836082293033,10046.89453624765,102463.87521472217,OK,P09-C01
E06096,GTI_SAL_02,Salary Multiple,7947000.0,7500000.0,447000.0,0.0004507230849577456,3581.896356159204,36530.19148806938,OK,P09-C01
E01242,GTI_SAL_02,Salary Multiple,7944000.0,7500000.0,444000.0,0.0009895864298784507,7861.274598954413,80173.6951283625,OK,P09-C01
E09063,GTI_SAL_02,Salary Multiple,7938000.0,7500000.0,438000.0,0.0008149888392772553,6469.3814061828525,65978.38632902956,OK,P09-C01
E08120,GTI_SAL_02,Salary Multiple,7935000.0,7500000.0,435000.0,0.0007034618116677568,5581.969475583651,56928.06087842197,OK,P09-C01
E04039,GTI_SAL_02,Salary Multiple,7926000.0,7500000.0,426000.0,0.0005869365172477508,4652.058835705673,47444.309713170274,OK,P09-C01
E08067,GTI_SAL_02,Salary Multiple,7917000.0,7500000.0,417000.0,0.0010736818856445928,8500.33948864824,86691.23792484084,OK,P09-C01
E08429,GTI_SAL_02,Salary Multiple,7917000.0,7500000.0,417000.0,0.0006708118597959668,5310.817494004669,54162.7006266053,OK,P09-C01
E02442,GTI_SAL_02,Salary Multiple,7917000.0,7500000.0,417000.0,0.0012383447878017496,9803.975685026451,99986.45228875914,OK,P09-C01
E06115,GTI_SAL_02,Salary Multiple,7911000.0,7500000.0,411000.0,0.0015000924518588426,11867.231386655303,121028.6931508515,OK,P09-C01
E02860,GTI_SAL_02,Salary Multiple,7896000.0,7500000.0,396000.0,0.001403510569306259,11082.11945524222,113021.68056804153,OK,P09-C01
E05170,GTI_SAL_02,Salary Multiple,7893000.0,7500000.0,393000.0,0.0018045903491170582,14243.63162558094,145264.5579410132,OK,P09-C01
E01165,GTI_SAL_02,Salary Multiple,7893000.0,7500000.0,393000.0,0.0010268960960458338,8105.290886089767,82662.31032236003,OK,P09-C01
E05990,GTI_SAL_02,Salary Multiple,7893000.0,7500000.0,393000.0,0.0008946647262257111,7061.588684099537,72018.04887418536,OK,P09-C01
E03640,GTI_SAL_02,Salary Multiple,7869000.0,7500000.0,369000.0,0.0007427469874187546,5844.67604399818,59607.2900618277,OK,P09-C01
E02562,GTI_SAL_02,Salary Multiple,7854000.0,7500000.0,354000.0,0.0010711787028802008,8413.037532421096,85800.88352561968,OK,P09-C01
E08457,GTI_SAL_02,Salary Multiple,7854000.0,7500000.0,354000.0,0.0008750146267252566,6872.364878300165,70088.23818938812,OK,P09-C01
E00690,GTI_SAL_02,Salary Multiple,7851000.0,7500000.0,351000.0,0.0005840198721111742,4585.1400159448285,46761.83399166713,OK,P09-C01
E06500,GTI_SAL_02,Salary Multiple,7845000.0,7500000.0,345000.0,0.0008603841030378347,6749.713288331814,68837.3683644822,OK,P09-C01
E08641,GTI_SAL_02,Salary Multiple,7839000.0,7500000.0,339000.0,0.0005399668974955087,4232.800509467293,43168.477746642326,OK,P09-C01
E00252,GTI_SAL_02,Salary Multiple,7839000.0,7500000.0,339000.0,0.0006016456844291624,4716.300520240204,48099.482505517335,OK,P09-C01
E06136,GTI_SAL_02,Salary Multiple,7830000.0,7500000.0,330000.0,0.00048447320542829186,3793.4251985035253,38687.48146738453,OK,P09-C01
E04870,GTI_SAL_02,Salary Multiple,7809000.0,7500000.0,309000.0,0.0008214397926032118,6414.623340438481,65419.93280936851,OK,P09-C01
E05177,GTI_SAL_02,Salary Multiple,7809000.0,7500000.0,309000.0,0.0006572536381153005,5132.493660042382,52344.05397862855,OK,P09-C01
E06619,GTI_SAL_02,Salary Multiple,7779000.0,7500000.0,279000.0,0.0011147247033193967,8671.443467121588,88436.25243014723,OK,P09-C01
E03893,GTI_SAL_02,Salary Multiple,7776000.0,7500000.0,276000.0,0.0007127406150439297,5542.271022581598,56523.1937505802,OK,P09-C01
E00629,GTI_SAL_02,Salary Multiple,7770000.0,7500000.0,270000.0,0.0004772912019988053,3708.552639530717,37821.903426292454,OK,P09-C01
E06792,GTI_SAL_02,Salary Multiple,7764000.0,7500000.0,264000.0,0.0009169409065865981,7119.129198738347,72604.87937095934,OK,P09-C01
E08474,GTI_SAL_02,Salary Multiple,7761000.0,7500000.0,261000.0,0.0008697526121363743,6750.150022790401,68841.82242786518,OK,P09-C01
E07106,GTI_SAL_02,Salary Multiple,7752000.0,7500000.0,252000.0,0.0008586636247373498,6656.360418963935,67885.30335341471,OK,P09-C01
E00770,GTI_SAL_02,Salary Multiple,7749000.0,7500000.0,249000.0,0.0005798346890691587,4493.1390055969105,45823.55599841189,OK,P09-C01
E05245,GTI_SAL_02,Salary Multiple,7746000.0,7500000.0,246000.0,0.0007966571542654895,6170.906316940482,62934.369674082605,OK,P09-C01
E06554,GTI_SAL_02,Salary Multiple,7734000.0,7500000.0,234000.0,0.0009052548782182059,7001.241228139605,71402.59161277034,OK,P09-C01
E03614,GTI_SAL_02,Salary Multiple,7719000.0,7500000.0,219000.0,0.00153131357909789,11820.209517056612,120549.1377059784,OK,P09-C01
E04252,GTI_SAL_02,Salary Multiple,7698000.0,7500000.0,198000.0,0.001294229935844406,9962.982046130237,101608.08849522124,OK,P09-C01
E01600,GTI_SAL_02,Salary Multiple,7698000.0,7500000.0,198000.0,0.0006066012043002135,4669.616070703043,47623.36826000738,OK,P09-C01
E00951,GTI_SAL_02,Salary Multiple,7680000.0,7500000.0,180000.0,0.0005114315591471461,3927.7943742500825,40057.85381544966,OK,P09-C01
E09801,GTI_SAL_02,Salary Multiple,7671000.0,7500000.0,171000.0,0.0009531732230093027,7311.791793704361,74569.76075972278,OK,P09-C01
E01489,GTI_SAL_02,Salary Multiple,7659000.0,7500000.0,159000.0,0.0014994145540722342,11484.016069639241,117120.44804272985,OK,P09-C01
E00430,GTI_SAL_02,Salary Multiple,7653000.0,7500000.0,153000.0,0.0006265966932032324,4795.344493084338,48905.617350543995,OK,P09-C01
E04421,GTI_SAL_02,Salary Multiple,7647000.0,7500000.0,147000.0,0.002009994214329893,15370.425756980692,156756.237569567,OK,P09-C01
E09120,GTI_SAL_02,Salary Multiple,7644000.0,7500000.0,144000.0,0.0003466578704915386,2649.852762037321,27024.687257062127,OK,P09-C01
E00677,GTI_SAL_02,Salary Multiple,7632000.0,7500000.0,132000.0,0.0007648488845497336,5837.326686883567,59532.3371888197,OK,P09-C01
E09947,GTI_SAL_02,Salary Multiple,7626000.0,7500000.0,126000.0,0.0023153439605804586,17656.813043386577,180074.09969717287,OK,P09-C01
E02220,GTI_SAL_02,Salary Multiple,7626000.0,7500000.0,126000.0,0.0007111379080484698,5423.137686777631,55308.205058333966,OK,P09-C01
E04407,GTI_SAL_02,Salary Multiple,7617000.0,7500000.0,117000.0,0.001298232593775242,9888.637666786019,100849.88274512017,OK,P09-C01
E04465,GTI_SAL_02,Salary Multiple,7608000.0,7500000.0,108000.0,0.0011649660097244577,8863.061401983674,90390.47978824035,OK,P09-C01
E07777,GTI_SAL_02,Salary Multiple,7608000.0,7500000.0,108000.0,0.0010314380173831509,7847.180436251012,80029.9549384673,OK,P09-C01
E01249,GTI_SAL_02,Salary Multiple,7593000.0,7500000.0,93000.0,0.002898375669724202,22007.366460215864,224443.4877512321,OK,P09-C01
E07239,GTI_SAL_02,Salary Multiple,7590000.0,7500000.0,90000.0,0.0011057030878711112,8392.286436941735,85589.25219515283,OK,P09-C01
E02308,GTI_SAL_02,Salary Multiple,7548000.0,7500000.0,48000.0,0.000650386543459648,4909.117630033424,50065.93972330103,OK,P09-C01
E00498,GTI_SAL_02,Salary Multiple,7536000.0,7500000.0,36000.0,0.00033989165049055887,2561.423478096852,26122.83573644414,OK,P09-C01
E09455,GTI_SAL_02,Salary Multiple,7530000.0,7500000.0,30000.0,0.0003717399795003274,2799.2020456374653,28547.835161422303,OK,P09-C01
E02122,GTI_SAL_02,Salary Multiple,7521000.0,7500000.0,21000.0,0.0007582565297166292,5702.847359998768,58160.841457559625,OK,P09-C01
E06057,GTI_SAL_02,Salary Multiple,7515000.0,7500000.0,15000.0,0.001354625749543181,10180.012507817004,103821.48707961325,OK,P09-C01
E04645,GTI_SAL_02,Salary Multiple,7512000.0,7500000.0,12000.0,0.0012538965158511081,9419.270627073525,96063.01396556926,OK,P09-C01
E02605,GTI_SAL_02,Salary Multiple,7503000.0,7500000.0,3000.0,0.001054301554370309,7910.424562440429,80674.95407034401,OK,P09-C01
